Textbox52,CategoryCode,CategoryName,DisplayPrice,TotalCount,SoldCount,AvailCount
"Antarctica and South Georgia Air-Cruise MAG06-AS_2023-24
Start: 11/17/2023 End: 12/3/2023
Vessel: Magellan Explorer",SGL,Single Veranda Cabin,"$26,495.00",4,4.0,0.0
"Antarctica and South Georgia Air-Cruise MAG06-AS_2023-24
Start: 11/17/2023 End: 12/3/2023
Vessel: Magellan Explorer",GRA,Grand Suite,"$26,495.00",6,6.0,0.0
"Antarctica and South Georgia Air-Cruise MAG06-AS_2023-24
Start: 11/17/2023 End: 12/3/2023
Vessel: Magellan Explorer",PEN,Penthouse Suite,"$24,495.00",3,3.0,0.0
"Antarctica and South Georgia Air-Cruise MAG06-AS_2023-24
Start: 11/17/2023 End: 12/3/2023
Vessel: Magellan Explorer",DEL,Deluxe Veranda Cabin,"$20,495.00",14,14.0,0.0
"Antarctica and South Georgia Air-Cruise MAG06-AS_2023-24
Start: 11/17/2023 End: 12/3/2023
Vessel: Magellan Explorer",VER,Veranda Cabin,"$19,495.00",6,6.0,0.0
"Antarctica and South Georgia Air-Cruise MAG06-AS_2023-24
Start: 11/17/2023 End: 12/3/2023
Vessel: Magellan Explorer",VERF,Veranda Cabin - Female Share,"$19,495.00",1,1.0,0.0
"Antarctica and South Georgia Air-Cruise MAG06-AS_2023-24
Start: 11/17/2023 End: 12/3/2023
Vessel: Magellan Explorer",POR,Porthole Cabin,"$15,995.00",4,4.0,0.0
"Antarctica and South Georgia Air-Cruise MAG06-AS_2023-24
Start: 11/17/2023 End: 12/3/2023
Vessel: Magellan Explorer",TRP,Triple Suite,"$14,995.00",1,1.0,0.0
"Antarctica and South Georgia Air-Cruise MAG06-AS_2023-24
Start: 11/17/2023 End: 12/3/2023
Vessel: Magellan Explorer",KAY,Sea Kayaking,$995.00,10,10.0,0.0
"Antarctica Express Air-Cruise MAG07-AE_2024-25 (USH-PUQ)
Start: 11/23/2024 End: 11/28/2024
Vessel: Magellan Explorer",SGL,Single Veranda Cabin,"$8,995.00",3,3.0,0.0
"Antarctica Express Air-Cruise MAG07-AE_2024-25 (USH-PUQ)
Start: 11/23/2024 End: 11/28/2024
Vessel: Magellan Explorer",PEN,Penthouse Suite,"$8,995.00",3,0.0,3.0
"Antarctica Express Air-Cruise MAG07-AE_2024-25 (USH-PUQ)
Start: 11/23/2024 End: 11/28/2024
Vessel: Magellan Explorer",SUITE,Suite,"$8,595.00",5,2.0,3.0
"Antarctica Express Air-Cruise MAG07-AE_2024-25 (USH-PUQ)
Start: 11/23/2024 End: 11/28/2024
Vessel: Magellan Explorer",DEL,Deluxe Veranda Cabin,"$7,495.00",16,2.0,14.0
"Antarctica Express Air-Cruise MAG07-AE_2024-25 (USH-PUQ)
Start: 11/23/2024 End: 11/28/2024
Vessel: Magellan Explorer",VER,Veranda Cabin,"$6,995.00",6,5.0,1.0
"Antarctica Express Air-Cruise MAG07-AE_2024-25 (USH-PUQ)
Start: 11/23/2024 End: 11/28/2024
Vessel: Magellan Explorer",VERF,Veranda Cabin - Female Share,"$6,995.00",1,0.0,1.0
"Antarctica Express Air-Cruise MAG07-AE_2024-25 (USH-PUQ)
Start: 11/23/2024 End: 11/28/2024
Vessel: Magellan Explorer",VERM,Veranda Cabin - Male Share,"$6,995.00",1,0.0,1.0
"Antarctica Express Air-Cruise MAG07-AE_2024-25 (USH-PUQ)
Start: 11/23/2024 End: 11/28/2024
Vessel: Magellan Explorer",POR,Porthole Cabin,"$6,495.00",1,0.0,1.0
"Antarctica Express Air-Cruise MAG07-AE_2024-25 (USH-PUQ)
Start: 11/23/2024 End: 11/28/2024
Vessel: Magellan Explorer",PORF,Porthole Cabin - Female Share,"$6,495.00",1,0.5,0.5
"Antarctica Express Air-Cruise MAG07-AE_2024-25 (USH-PUQ)
Start: 11/23/2024 End: 11/28/2024
Vessel: Magellan Explorer",PORM,Porthole Cabin - Male Share,"$6,495.00",1,1.0,0.0
"Antarctica Express Air-Cruise MAG07-AE_2024-25 (USH-PUQ)
Start: 11/23/2024 End: 11/28/2024
Vessel: Magellan Explorer",TRP,Triple Share - Male,"$5,995.00",1,0.3,0.7
"Antarctica Express Air-Cruise MAG14-AE_2023-24 (USH-PUQ)
Start: 1/11/2024 End: 1/16/2024
Vessel: Magellan Explorer",SGL,Single Veranda Cabin,"$8,995.00",3,3.0,0.0
"Antarctica Express Air-Cruise MAG14-AE_2023-24 (USH-PUQ)
Start: 1/11/2024 End: 1/16/2024
Vessel: Magellan Explorer",GRA,Grand Suite,"$8,995.00",6,5.0,1.0
"Antarctica Express Air-Cruise MAG14-AE_2023-24 (USH-PUQ)
Start: 1/11/2024 End: 1/16/2024
Vessel: Magellan Explorer",PEN,Penthouse Suite,"$8,595.00",3,3.0,0.0
"Antarctica Express Air-Cruise MAG14-AE_2023-24 (USH-PUQ)
Start: 1/11/2024 End: 1/16/2024
Vessel: Magellan Explorer",DEL,Deluxe Veranda Cabin,"$7,495.00",14,14.0,0.0
"Antarctica Express Air-Cruise MAG14-AE_2023-24 (USH-PUQ)
Start: 1/11/2024 End: 1/16/2024
Vessel: Magellan Explorer",VER,Veranda Cabin,"$6,995.00",7,7.0,0.0
"Antarctica Express Air-Cruise MAG14-AE_2023-24 (USH-PUQ)
Start: 1/11/2024 End: 1/16/2024
Vessel: Magellan Explorer",VERF,Veranda Cabin - Female Share,"$6,995.00",1,1.0,0.0
"Antarctica Express Air-Cruise MAG14-AE_2023-24 (USH-PUQ)
Start: 1/11/2024 End: 1/16/2024
Vessel: Magellan Explorer",POR,Porthole Cabin,"$6,495.00",2,2.0,0.0
"Antarctica Express Air-Cruise MAG14-AE_2023-24 (USH-PUQ)
Start: 1/11/2024 End: 1/16/2024
Vessel: Magellan Explorer",PORF,Porthole Cabin - Female Share,"$6,495.00",1,0.5,0.5
"Antarctica Express Air-Cruise MAG14-AE_2023-24 (USH-PUQ)
Start: 1/11/2024 End: 1/16/2024
Vessel: Magellan Explorer",PORM,Porthole Cabin - Male Share,"$6,495.00",1,1.0,0.0
"Antarctica Express Air-Cruise MAG14-AE_2023-24 (USH-PUQ)
Start: 1/11/2024 End: 1/16/2024
Vessel: Magellan Explorer",TRP,Triple Share - Female,"$5,995.00",1,1.0,0.0
"Antarctica Express Air-Cruise MAG16-AE_2024-25 (USH-PUQ)
Start: 1/11/2025 End: 1/16/2025
Vessel: Magellan Explorer",SGL,Single Veranda Cabin,"$8,995.00",3,2.0,1.0
"Antarctica Express Air-Cruise MAG16-AE_2024-25 (USH-PUQ)
Start: 1/11/2025 End: 1/16/2025
Vessel: Magellan Explorer",PEN,Penthouse Suite,"$8,995.00",3,0.0,3.0
"Antarctica Express Air-Cruise MAG16-AE_2024-25 (USH-PUQ)
Start: 1/11/2025 End: 1/16/2025
Vessel: Magellan Explorer",SUITE,Suite,"$8,595.00",5,0.0,5.0
"Antarctica Express Air-Cruise MAG16-AE_2024-25 (USH-PUQ)
Start: 1/11/2025 End: 1/16/2025
Vessel: Magellan Explorer",DEL,Deluxe Veranda Cabin,"$7,495.00",16,1.0,15.0
"Antarctica Express Air-Cruise MAG16-AE_2024-25 (USH-PUQ)
Start: 1/11/2025 End: 1/16/2025
Vessel: Magellan Explorer",VER,Veranda Cabin,"$6,995.00",6,3.0,3.0
"Antarctica Express Air-Cruise MAG16-AE_2024-25 (USH-PUQ)
Start: 1/11/2025 End: 1/16/2025
Vessel: Magellan Explorer",VERF,Veranda Cabin - Female Share,"$6,995.00",1,0.0,1.0
"Antarctica Express Air-Cruise MAG16-AE_2024-25 (USH-PUQ)
Start: 1/11/2025 End: 1/16/2025
Vessel: Magellan Explorer",VERM,Veranda Cabin - Male Share,"$6,995.00",1,0.5,0.5
"Antarctica Express Air-Cruise MAG16-AE_2024-25 (USH-PUQ)
Start: 1/11/2025 End: 1/16/2025
Vessel: Magellan Explorer",POR,Porthole Cabin,"$6,495.00",1,0.0,1.0
"Antarctica Express Air-Cruise MAG16-AE_2024-25 (USH-PUQ)
Start: 1/11/2025 End: 1/16/2025
Vessel: Magellan Explorer",PORF,Porthole Cabin - Female Share,"$6,495.00",1,0.0,1.0
"Antarctica Express Air-Cruise MAG16-AE_2024-25 (USH-PUQ)
Start: 1/11/2025 End: 1/16/2025
Vessel: Magellan Explorer",PORM,Porthole Cabin - Male Share,"$6,495.00",1,0.0,1.0
"Antarctica Express Air-Cruise MAG16-AE_2024-25 (USH-PUQ)
Start: 1/11/2025 End: 1/16/2025
Vessel: Magellan Explorer",TRP,Triple Suite,"$5,995.00",1,1.0,0.0
"Antarctica Express Air-Cruise OCN03-AE_2023-24 (USH-PUQ)
Start: 11/29/2023 End: 12/4/2023
Vessel: Ocean Nova",SGL,Single Cabin,"$6,995.00",4,4.0,0.0
"Antarctica Express Air-Cruise OCN03-AE_2023-24 (USH-PUQ)
Start: 11/29/2023 End: 12/4/2023
Vessel: Ocean Nova",TWN,Twin Cabin,"$5,995.00",25,25.0,0.0
"Antarctica Express Air-Cruise OCN03-AE_2023-24 (USH-PUQ)
Start: 11/29/2023 End: 12/4/2023
Vessel: Ocean Nova",TWNF,Twin Cabin - Female Share,"$5,995.00",1,1.0,0.0
"Antarctica Express Air-Cruise OCN03-AE_2023-24 (USH-PUQ)
Start: 11/29/2023 End: 12/4/2023
Vessel: Ocean Nova",TWNM,Twin Cabin - Male Share,"$5,995.00",1,1.0,0.0
"Antarctica Express Air-Cruise OCN03-AE_2023-24 (USH-PUQ)
Start: 11/29/2023 End: 12/4/2023
Vessel: Ocean Nova",TRP,Triple Cabin,"$4,995.00",1,1.0,0.0
"Antarctica Express Air-Cruise OCN03-AE_2023-24 (USH-PUQ)
Start: 11/29/2023 End: 12/4/2023
Vessel: Ocean Nova",TRPF,Triple Cabin - Female Share,"$4,995.00",1,1.0,0.0
"Antarctica Express Air-Cruise OCN03-AE_2023-24 (USH-PUQ)
Start: 11/29/2023 End: 12/4/2023
Vessel: Ocean Nova",TRPM,Triple Cabin - Male Share,"$4,995.00",1,1.0,0.0
"Antarctica Express Air-Cruise OCN03-AE_2024-25 (USH-PUQ)
Start: 11/29/2024 End: 12/4/2024
Vessel: Ocean Nova",SGL,Single Cabin,"$6,995.00",4,4.0,0.0
"Antarctica Express Air-Cruise OCN03-AE_2024-25 (USH-PUQ)
Start: 11/29/2024 End: 12/4/2024
Vessel: Ocean Nova",TWN,Twin Cabin,"$5,995.00",26,25.0,1.0
"Antarctica Express Air-Cruise OCN03-AE_2024-25 (USH-PUQ)
Start: 11/29/2024 End: 12/4/2024
Vessel: Ocean Nova",TWNM,Twin Cabin - Male Share,"$5,995.00",1,0.0,1.0
"Antarctica Express Air-Cruise OCN03-AE_2024-25 (USH-PUQ)
Start: 11/29/2024 End: 12/4/2024
Vessel: Ocean Nova",TRP,Triple Cabin,"$4,995.00",1,1.0,0.0
"Antarctica Express Air-Cruise OCN03-AE_2024-25 (USH-PUQ)
Start: 11/29/2024 End: 12/4/2024
Vessel: Ocean Nova",TRPM,Triple Cabin - Male Share,"$4,995.00",2,2.0,0.0
"Antarctica Express Air-Cruise OCN11-AE_2023-24 (USH-PUQ)
Start: 1/14/2024 End: 1/19/2024
Vessel: Ocean Nova",SGL,Single Cabin,"$6,995.00",4,4.0,0.0
"Antarctica Express Air-Cruise OCN11-AE_2023-24 (USH-PUQ)
Start: 1/14/2024 End: 1/19/2024
Vessel: Ocean Nova",TWN,Twin Cabin,"$5,995.00",24,24.0,0.0
"Antarctica Express Air-Cruise OCN11-AE_2023-24 (USH-PUQ)
Start: 1/14/2024 End: 1/19/2024
Vessel: Ocean Nova",TWNF,Twin Cabin - Female Share,"$5,995.00",2,2.0,0.0
"Antarctica Express Air-Cruise OCN11-AE_2023-24 (USH-PUQ)
Start: 1/14/2024 End: 1/19/2024
Vessel: Ocean Nova",TWNM,Twin Cabin - Male Share,"$5,995.00",1,1.0,0.0
"Antarctica Express Air-Cruise OCN11-AE_2023-24 (USH-PUQ)
Start: 1/14/2024 End: 1/19/2024
Vessel: Ocean Nova",TWNS,Twin Cabin - Sharing,"$5,995.00",1,1.0,0.0
"Antarctica Express Air-Cruise OCN11-AE_2023-24 (USH-PUQ)
Start: 1/14/2024 End: 1/19/2024
Vessel: Ocean Nova",TRP,Triple Cabin,"$4,995.00",1,1.0,0.0
"Antarctica Express Air-Cruise OCN11-AE_2023-24 (USH-PUQ)
Start: 1/14/2024 End: 1/19/2024
Vessel: Ocean Nova",TRPF,Triple Cabin - Female Share,"$4,995.00",1,1.0,0.0
"Antarctica Express Air-Cruise OCN11-AE_2024-25 (USH-PUQ)
Start: 1/14/2025 End: 1/19/2025
Vessel: Ocean Nova",SGL,Single Cabin,"$6,995.00",4,2.0,2.0
"Antarctica Express Air-Cruise OCN11-AE_2024-25 (USH-PUQ)
Start: 1/14/2025 End: 1/19/2025
Vessel: Ocean Nova",TWN,Twin Cabin,"$5,995.00",25,17.0,8.0
"Antarctica Express Air-Cruise OCN11-AE_2024-25 (USH-PUQ)
Start: 1/14/2025 End: 1/19/2025
Vessel: Ocean Nova",TWNF,Twin Cabin - Female Share,"$5,995.00",1,0.0,1.0
"Antarctica Express Air-Cruise OCN11-AE_2024-25 (USH-PUQ)
Start: 1/14/2025 End: 1/19/2025
Vessel: Ocean Nova",TWNM,Twin Cabin - Male Share,"$5,995.00",1,0.0,1.0
"Antarctica Express Air-Cruise OCN11-AE_2024-25 (USH-PUQ)
Start: 1/14/2025 End: 1/19/2025
Vessel: Ocean Nova",TRP,Triple Cabin,"$4,995.00",1,1.0,0.0
"Antarctica Express Air-Cruise OCN11-AE_2024-25 (USH-PUQ)
Start: 1/14/2025 End: 1/19/2025
Vessel: Ocean Nova",TRPF,Triple Cabin - Female Share,"$4,995.00",1,1.0,0.0
"Antarctica Express Air-Cruise OCN11-AE_2024-25 (USH-PUQ)
Start: 1/14/2025 End: 1/19/2025
Vessel: Ocean Nova",TRPM,Triple Cabin - Male Share,"$4,995.00",1,0.7,0.3
"Classic Antarctica Air-Cruise MAG07-CA_2023-24
Start: 12/1/2023 End: 12/8/2023
Vessel: Magellan Explorer",SGL,Single Veranda Cabin,"$25,995.00",1,1.0,0.0
"Classic Antarctica Air-Cruise MAG07-CA_2023-24
Start: 12/1/2023 End: 12/8/2023
Vessel: Magellan Explorer",GRA,Grand Suite,"$25,995.00",6,6.0,0.0
"Classic Antarctica Air-Cruise MAG07-CA_2023-24
Start: 12/1/2023 End: 12/8/2023
Vessel: Magellan Explorer",PEN,Penthouse Suite,"$22,795.00",3,3.0,0.0
"Classic Antarctica Air-Cruise MAG07-CA_2023-24
Start: 12/1/2023 End: 12/8/2023
Vessel: Magellan Explorer",DEL,Deluxe Veranda Cabin,"$19,395.00",14,14.0,0.0
"Classic Antarctica Air-Cruise MAG07-CA_2023-24
Start: 12/1/2023 End: 12/8/2023
Vessel: Magellan Explorer",VER,Veranda Cabin,"$18,395.00",9,9.0,0.0
"Classic Antarctica Air-Cruise MAG07-CA_2023-24
Start: 12/1/2023 End: 12/8/2023
Vessel: Magellan Explorer",VERS,Veranda Cabin - Share,"$18,395.00",1,1.0,0.0
"Classic Antarctica Air-Cruise MAG07-CA_2023-24
Start: 12/1/2023 End: 12/8/2023
Vessel: Magellan Explorer",POR,Porthole Cabin,"$14,995.00",3,3.0,0.0
"Classic Antarctica Air-Cruise MAG07-CA_2023-24
Start: 12/1/2023 End: 12/8/2023
Vessel: Magellan Explorer",PORM,Porthole Cabin - Male Share,"$14,995.00",1,1.0,0.0
"Classic Antarctica Air-Cruise MAG07-CA_2023-24
Start: 12/1/2023 End: 12/8/2023
Vessel: Magellan Explorer",TRP,Triple Suite,"$13,995.00",1,1.0,0.0
"Classic Antarctica Air-Cruise MAG07-CA_2023-24
Start: 12/1/2023 End: 12/8/2023
Vessel: Magellan Explorer",KAY,Sea Kayaking,$995.00,10,8.0,2.0
"Classic Antarctica Air-Cruise MAG08-CA_2023-24
Start: 12/6/2023 End: 12/13/2023
Vessel: Magellan Explorer",SGL,Single Veranda Cabin,"$25,995.00",3,3.0,0.0
"Classic Antarctica Air-Cruise MAG08-CA_2023-24
Start: 12/6/2023 End: 12/13/2023
Vessel: Magellan Explorer",GRA,Grand Suite,"$25,995.00",6,6.0,0.0
"Classic Antarctica Air-Cruise MAG08-CA_2023-24
Start: 12/6/2023 End: 12/13/2023
Vessel: Magellan Explorer",PEN,Penthouse Suite,"$22,795.00",3,3.0,0.0
"Classic Antarctica Air-Cruise MAG08-CA_2023-24
Start: 12/6/2023 End: 12/13/2023
Vessel: Magellan Explorer",DEL,Deluxe Veranda Cabin,"$19,395.00",14,14.0,0.0
"Classic Antarctica Air-Cruise MAG08-CA_2023-24
Start: 12/6/2023 End: 12/13/2023
Vessel: Magellan Explorer",VER,Veranda Cabin,"$18,395.00",8,8.0,0.0
"Classic Antarctica Air-Cruise MAG08-CA_2023-24
Start: 12/6/2023 End: 12/13/2023
Vessel: Magellan Explorer",POR,Porthole Cabin,"$14,995.00",3,3.0,0.0
"Classic Antarctica Air-Cruise MAG08-CA_2023-24
Start: 12/6/2023 End: 12/13/2023
Vessel: Magellan Explorer",PORM,Porthole Cabin - Male Share,"$14,995.00",1,1.0,0.0
"Classic Antarctica Air-Cruise MAG08-CA_2023-24
Start: 12/6/2023 End: 12/13/2023
Vessel: Magellan Explorer",TRP,Triple Suite,"$13,995.00",1,1.0,0.0
"Classic Antarctica Air-Cruise MAG08-CA_2023-24
Start: 12/6/2023 End: 12/13/2023
Vessel: Magellan Explorer",KAY,Sea Kayaking,$995.00,10,10.0,0.0
"Classic Antarctica Air-Cruise MAG09-CA_2023-24
Start: 12/11/2023 End: 12/18/2023
Vessel: Magellan Explorer",SGL,Single Veranda Cabin,"$25,995.00",3,3.0,0.0
"Classic Antarctica Air-Cruise MAG09-CA_2023-24
Start: 12/11/2023 End: 12/18/2023
Vessel: Magellan Explorer",GRA,Grand Suite,"$25,995.00",6,6.0,0.0
"Classic Antarctica Air-Cruise MAG09-CA_2023-24
Start: 12/11/2023 End: 12/18/2023
Vessel: Magellan Explorer",PEN,Penthouse Suite,"$22,795.00",3,3.0,0.0
"Classic Antarctica Air-Cruise MAG09-CA_2023-24
Start: 12/11/2023 End: 12/18/2023
Vessel: Magellan Explorer",DEL,Deluxe Veranda Cabin,"$19,395.00",14,14.0,0.0
"Classic Antarctica Air-Cruise MAG09-CA_2023-24
Start: 12/11/2023 End: 12/18/2023
Vessel: Magellan Explorer",VER,Veranda Cabin,"$18,395.00",8,8.0,0.0
"Classic Antarctica Air-Cruise MAG09-CA_2023-24
Start: 12/11/2023 End: 12/18/2023
Vessel: Magellan Explorer",POR,Porthole Cabin,"$14,995.00",3,3.0,0.0
"Classic Antarctica Air-Cruise MAG09-CA_2023-24
Start: 12/11/2023 End: 12/18/2023
Vessel: Magellan Explorer",PORM,Porthole Cabin - Male Share,"$14,995.00",1,1.0,0.0
"Classic Antarctica Air-Cruise MAG09-CA_2023-24
Start: 12/11/2023 End: 12/18/2023
Vessel: Magellan Explorer",TRP,Triple Suite,"$13,995.00",1,1.0,0.0
"Classic Antarctica Air-Cruise MAG09-CA_2023-24
Start: 12/11/2023 End: 12/18/2023
Vessel: Magellan Explorer",KAY,Sea Kayaking,$995.00,10,10.0,0.0
"Classic Antarctica Air-Cruise MAG10-CA_2023-24 
Start: 12/16/2023 End: 12/23/2023
Vessel: Magellan Explorer",SGL,Single Veranda Cabin,"$25,995.00",2,2.0,0.0
"Classic Antarctica Air-Cruise MAG10-CA_2023-24 
Start: 12/16/2023 End: 12/23/2023
Vessel: Magellan Explorer",GRA,Grand Suite,"$25,995.00",6,5.0,1.0
"Classic Antarctica Air-Cruise MAG10-CA_2023-24 
Start: 12/16/2023 End: 12/23/2023
Vessel: Magellan Explorer",PEN,Penthouse Suite,"$22,795.00",3,2.0,1.0
"Classic Antarctica Air-Cruise MAG10-CA_2023-24 
Start: 12/16/2023 End: 12/23/2023
Vessel: Magellan Explorer",DEL,Deluxe Veranda Cabin,"$19,395.00",14,14.0,0.0
"Classic Antarctica Air-Cruise MAG10-CA_2023-24 
Start: 12/16/2023 End: 12/23/2023
Vessel: Magellan Explorer",VER,Veranda Cabin,"$18,395.00",7,7.0,0.0
"Classic Antarctica Air-Cruise MAG10-CA_2023-24 
Start: 12/16/2023 End: 12/23/2023
Vessel: Magellan Explorer",VERF,Veranda Cabin - Female Share,"$18,395.00",1,1.0,0.0
"Classic Antarctica Air-Cruise MAG10-CA_2023-24 
Start: 12/16/2023 End: 12/23/2023
Vessel: Magellan Explorer",VERM,Veranda Cabin - Male Share,"$18,395.00",1,1.0,0.0
"Classic Antarctica Air-Cruise MAG10-CA_2023-24 
Start: 12/16/2023 End: 12/23/2023
Vessel: Magellan Explorer",POR,Porthole Cabin,"$14,995.00",4,4.0,0.0
"Classic Antarctica Air-Cruise MAG10-CA_2023-24 
Start: 12/16/2023 End: 12/23/2023
Vessel: Magellan Explorer",TRP,Triple Suite,"$13,995.00",1,1.0,0.0
"Classic Antarctica Air-Cruise MAG10-CA_2023-24 
Start: 12/16/2023 End: 12/23/2023
Vessel: Magellan Explorer",KAY,Sea Kayaking,$995.00,10,10.0,0.0
"Classic Antarctica Air-Cruise MAG10-CA_2024-25 
Start: 12/6/2024 End: 12/13/2024
Vessel: Magellan Explorer",SGL,Single Veranda Cabin,"$26,995.00",3,0.0,3.0
"Classic Antarctica Air-Cruise MAG10-CA_2024-25 
Start: 12/6/2024 End: 12/13/2024
Vessel: Magellan Explorer",PEN,Penthouse Suite,"$26,995.00",3,0.0,3.0
"Classic Antarctica Air-Cruise MAG10-CA_2024-25 
Start: 12/6/2024 End: 12/13/2024
Vessel: Magellan Explorer",SUT,Suite,"$24,995.00",5,0.0,5.0
"Classic Antarctica Air-Cruise MAG10-CA_2024-25 
Start: 12/6/2024 End: 12/13/2024
Vessel: Magellan Explorer",DEL,Deluxe Veranda Cabin,"$21,995.00",16,7.0,9.0
"Classic Antarctica Air-Cruise MAG10-CA_2024-25 
Start: 12/6/2024 End: 12/13/2024
Vessel: Magellan Explorer",VER,Veranda Cabin,"$19,995.00",6,0.0,6.0
"Classic Antarctica Air-Cruise MAG10-CA_2024-25 
Start: 12/6/2024 End: 12/13/2024
Vessel: Magellan Explorer",VERF,Veranda Cabin - Female Share,"$19,995.00",1,0.0,1.0
"Classic Antarctica Air-Cruise MAG10-CA_2024-25 
Start: 12/6/2024 End: 12/13/2024
Vessel: Magellan Explorer",VERM,Veranda Cabin - Male Share,"$19,995.00",1,0.0,1.0
"Classic Antarctica Air-Cruise MAG10-CA_2024-25 
Start: 12/6/2024 End: 12/13/2024
Vessel: Magellan Explorer",POR,Porthole Cabin,"$15,995.00",1,1.0,0.0
"Classic Antarctica Air-Cruise MAG10-CA_2024-25 
Start: 12/6/2024 End: 12/13/2024
Vessel: Magellan Explorer",PORF,Porthole Cabin - Female Share,"$15,995.00",1,1.0,0.0
"Classic Antarctica Air-Cruise MAG10-CA_2024-25 
Start: 12/6/2024 End: 12/13/2024
Vessel: Magellan Explorer",PORM,Porthole Cabin - Male Share,"$15,995.00",1,0.0,1.0
"Classic Antarctica Air-Cruise MAG10-CA_2024-25 
Start: 12/6/2024 End: 12/13/2024
Vessel: Magellan Explorer",TRP,Triple Suite,"$17,995.00",1,0.0,1.0
"Classic Antarctica Air-Cruise MAG10-CA_2024-25 
Start: 12/6/2024 End: 12/13/2024
Vessel: Magellan Explorer",KAY,Sea Kayaking,$995.00,10,0.0,10.0
"Classic Antarctica Air-Cruise MAG11-CA_2023-24
Start: 12/21/2023 End: 12/28/2023
Vessel: Magellan Explorer",SGL,Single Veranda Cabin,"$28,995.00",3,3.0,0.0
"Classic Antarctica Air-Cruise MAG11-CA_2023-24
Start: 12/21/2023 End: 12/28/2023
Vessel: Magellan Explorer",GRA,Grand Suite,"$28,995.00",6,6.0,0.0
"Classic Antarctica Air-Cruise MAG11-CA_2023-24
Start: 12/21/2023 End: 12/28/2023
Vessel: Magellan Explorer",PEN,Penthouse Suite,"$25,795.00",3,3.0,0.0
"Classic Antarctica Air-Cruise MAG11-CA_2023-24
Start: 12/21/2023 End: 12/28/2023
Vessel: Magellan Explorer",DEL,Deluxe Veranda Cabin,"$21,995.00",13,13.0,0.0
"Classic Antarctica Air-Cruise MAG11-CA_2023-24
Start: 12/21/2023 End: 12/28/2023
Vessel: Magellan Explorer",DEL-Sharing,Deluxe Veranda Cabin - Sharing,"$21,995.00",1,1.0,0.0
"Classic Antarctica Air-Cruise MAG11-CA_2023-24
Start: 12/21/2023 End: 12/28/2023
Vessel: Magellan Explorer",VER,Veranda Cabin,"$20,995.00",8,8.0,0.0
"Classic Antarctica Air-Cruise MAG11-CA_2023-24
Start: 12/21/2023 End: 12/28/2023
Vessel: Magellan Explorer",POR,Porthole Cabin,"$17,295.00",2,2.0,0.0
"Classic Antarctica Air-Cruise MAG11-CA_2023-24
Start: 12/21/2023 End: 12/28/2023
Vessel: Magellan Explorer",PORM,Porthole Cabin - Male Share,"$17,295.00",2,2.0,0.0
"Classic Antarctica Air-Cruise MAG11-CA_2023-24
Start: 12/21/2023 End: 12/28/2023
Vessel: Magellan Explorer",TRP,Triple Suite,"$15,995.00",1,1.0,0.0
"Classic Antarctica Air-Cruise MAG11-CA_2023-24
Start: 12/21/2023 End: 12/28/2023
Vessel: Magellan Explorer",KAY,Sea Kayaking,$995.00,10,10.0,0.0
"Classic Antarctica Air-Cruise MAG11-CA_2024-25
Start: 12/11/2024 End: 12/18/2024
Vessel: Magellan Explorer",SGL,Single Veranda Cabin,"$26,995.00",3,2.0,1.0
"Classic Antarctica Air-Cruise MAG11-CA_2024-25
Start: 12/11/2024 End: 12/18/2024
Vessel: Magellan Explorer",PEN,Penthouse Suite,"$26,995.00",3,0.0,3.0
"Classic Antarctica Air-Cruise MAG11-CA_2024-25
Start: 12/11/2024 End: 12/18/2024
Vessel: Magellan Explorer",SUT,Suite,"$24,995.00",5,1.0,4.0
"Classic Antarctica Air-Cruise MAG11-CA_2024-25
Start: 12/11/2024 End: 12/18/2024
Vessel: Magellan Explorer",DEL,Deluxe Veranda Cabin,"$21,995.00",16,2.0,14.0
"Classic Antarctica Air-Cruise MAG11-CA_2024-25
Start: 12/11/2024 End: 12/18/2024
Vessel: Magellan Explorer",VER,Veranda Cabin,"$19,995.00",8,5.0,3.0
"Classic Antarctica Air-Cruise MAG11-CA_2024-25
Start: 12/11/2024 End: 12/18/2024
Vessel: Magellan Explorer",POR,Porthole Cabin,"$15,995.00",1,1.0,0.0
"Classic Antarctica Air-Cruise MAG11-CA_2024-25
Start: 12/11/2024 End: 12/18/2024
Vessel: Magellan Explorer",PORF,Porthole Cabin - Female Share,"$15,995.00",1,1.0,0.0
"Classic Antarctica Air-Cruise MAG11-CA_2024-25
Start: 12/11/2024 End: 12/18/2024
Vessel: Magellan Explorer",PORM,Porthole Cabin - Male Share,"$15,995.00",1,1.0,0.0
"Classic Antarctica Air-Cruise MAG11-CA_2024-25
Start: 12/11/2024 End: 12/18/2024
Vessel: Magellan Explorer",TRP,Triple Suite,"$17,995.00",1,1.0,0.0
"Classic Antarctica Air-Cruise MAG11-CA_2024-25
Start: 12/11/2024 End: 12/18/2024
Vessel: Magellan Explorer",KAY,Sea Kayaking,$995.00,10,3.0,7.0
"Classic Antarctica Air-Cruise MAG12-CA_2023-24
Start: 12/26/2023 End: 1/2/2024
Vessel: Magellan Explorer",SGL,Single Veranda Cabin,"$27,995.00",1,1.0,0.0
"Classic Antarctica Air-Cruise MAG12-CA_2023-24
Start: 12/26/2023 End: 1/2/2024
Vessel: Magellan Explorer",GRA,Grand Suite,"$27,995.00",6,6.0,0.0
"Classic Antarctica Air-Cruise MAG12-CA_2023-24
Start: 12/26/2023 End: 1/2/2024
Vessel: Magellan Explorer",PEN,Penthouse Suite,"$25,395.00",3,3.0,0.0
"Classic Antarctica Air-Cruise MAG12-CA_2023-24
Start: 12/26/2023 End: 1/2/2024
Vessel: Magellan Explorer",DEL,Deluxe Veranda Cabin,"$21,595.00",14,14.0,0.0
"Classic Antarctica Air-Cruise MAG12-CA_2023-24
Start: 12/26/2023 End: 1/2/2024
Vessel: Magellan Explorer",VER,Veranda Cabin,"$19,995.00",9,9.0,0.0
"Classic Antarctica Air-Cruise MAG12-CA_2023-24
Start: 12/26/2023 End: 1/2/2024
Vessel: Magellan Explorer",VERF,Veranda Cabin - Female Share,"$19,995.00",1,1.0,0.0
"Classic Antarctica Air-Cruise MAG12-CA_2023-24
Start: 12/26/2023 End: 1/2/2024
Vessel: Magellan Explorer",POR,Porthole Cabin,"$16,795.00",3,3.0,0.0
"Classic Antarctica Air-Cruise MAG12-CA_2023-24
Start: 12/26/2023 End: 1/2/2024
Vessel: Magellan Explorer",PORF,Porthole Cabin - Female Share,"$16,795.00",1,1.0,0.0
"Classic Antarctica Air-Cruise MAG12-CA_2023-24
Start: 12/26/2023 End: 1/2/2024
Vessel: Magellan Explorer",TRP,Triple Suite,"$15,495.00",1,1.0,0.0
"Classic Antarctica Air-Cruise MAG12-CA_2023-24
Start: 12/26/2023 End: 1/2/2024
Vessel: Magellan Explorer",KAY,Sea Kayaking,$995.00,10,10.0,0.0
"Classic Antarctica Air-Cruise MAG12-CA_2024-25
Start: 12/16/2024 End: 12/23/2024
Vessel: Magellan Explorer",SGL,Single Veranda Cabin,"$26,995.00",3,1.0,2.0
"Classic Antarctica Air-Cruise MAG12-CA_2024-25
Start: 12/16/2024 End: 12/23/2024
Vessel: Magellan Explorer",PEN,Penthouse Suite,"$26,995.00",3,1.0,2.0
"Classic Antarctica Air-Cruise MAG12-CA_2024-25
Start: 12/16/2024 End: 12/23/2024
Vessel: Magellan Explorer",SUT,Suite,"$24,995.00",5,1.0,4.0
"Classic Antarctica Air-Cruise MAG12-CA_2024-25
Start: 12/16/2024 End: 12/23/2024
Vessel: Magellan Explorer",DEL,Deluxe Veranda Cabin,"$21,995.00",16,9.0,7.0
"Classic Antarctica Air-Cruise MAG12-CA_2024-25
Start: 12/16/2024 End: 12/23/2024
Vessel: Magellan Explorer",VER,Veranda Cabin,"$19,995.00",6,4.0,2.0
"Classic Antarctica Air-Cruise MAG12-CA_2024-25
Start: 12/16/2024 End: 12/23/2024
Vessel: Magellan Explorer",VERF,Veranda Cabin - Female Share,"$19,995.00",1,0.0,1.0
"Classic Antarctica Air-Cruise MAG12-CA_2024-25
Start: 12/16/2024 End: 12/23/2024
Vessel: Magellan Explorer",VERM,Veranda Cabin - Male Share,"$19,995.00",1,0.0,1.0
"Classic Antarctica Air-Cruise MAG12-CA_2024-25
Start: 12/16/2024 End: 12/23/2024
Vessel: Magellan Explorer",POR,Porthole Cabin,"$15,995.00",1,1.0,0.0
"Classic Antarctica Air-Cruise MAG12-CA_2024-25
Start: 12/16/2024 End: 12/23/2024
Vessel: Magellan Explorer",PORF,Porthole Cabin - Female Share,"$15,995.00",1,1.0,0.0
"Classic Antarctica Air-Cruise MAG12-CA_2024-25
Start: 12/16/2024 End: 12/23/2024
Vessel: Magellan Explorer",PORM,Porthole Cabin - Male Share,"$15,995.00",1,1.0,0.0
"Classic Antarctica Air-Cruise MAG12-CA_2024-25
Start: 12/16/2024 End: 12/23/2024
Vessel: Magellan Explorer",TRP,Triple Suite,"$17,995.00",1,1.0,0.0
"Classic Antarctica Air-Cruise MAG12-CA_2024-25
Start: 12/16/2024 End: 12/23/2024
Vessel: Magellan Explorer",KAY,Sea Kayaking,$995.00,10,4.0,6.0
"Classic Antarctica Air-Cruise MAG13-CA_2023-24
Start: 12/31/2023 End: 1/7/2024
Vessel: Magellan Explorer",SGL,Single Veranda Cabin,"$28,995.00",3,3.0,0.0
"Classic Antarctica Air-Cruise MAG13-CA_2023-24
Start: 12/31/2023 End: 1/7/2024
Vessel: Magellan Explorer",GRA,Grand Suite,"$28,995.00",6,6.0,0.0
"Classic Antarctica Air-Cruise MAG13-CA_2023-24
Start: 12/31/2023 End: 1/7/2024
Vessel: Magellan Explorer",PEN,Penthouse Suite,"$25,795.00",3,3.0,0.0
"Classic Antarctica Air-Cruise MAG13-CA_2023-24
Start: 12/31/2023 End: 1/7/2024
Vessel: Magellan Explorer",DEL,Deluxe Veranda Cabin,"$21,995.00",14,14.0,0.0
"Classic Antarctica Air-Cruise MAG13-CA_2023-24
Start: 12/31/2023 End: 1/7/2024
Vessel: Magellan Explorer",VER,Veranda Cabin,"$20,995.00",8,8.0,0.0
"Classic Antarctica Air-Cruise MAG13-CA_2023-24
Start: 12/31/2023 End: 1/7/2024
Vessel: Magellan Explorer",POR,Porthole Cabin,"$17,295.00",4,4.0,0.0
"Classic Antarctica Air-Cruise MAG13-CA_2023-24
Start: 12/31/2023 End: 1/7/2024
Vessel: Magellan Explorer",TRP,Triple Suite,"$15,995.00",1,1.0,0.0
"Classic Antarctica Air-Cruise MAG13-CA_2023-24
Start: 12/31/2023 End: 1/7/2024
Vessel: Magellan Explorer",KAY,Sea Kayaking,$995.00,10,10.0,0.0
"Classic Antarctica Air-Cruise MAG13-CA_2024-25
Start: 12/21/2024 End: 12/28/2024
Vessel: Magellan Explorer",SGL,Single Veranda Cabin,"$29,995.00",3,0.0,3.0
"Classic Antarctica Air-Cruise MAG13-CA_2024-25
Start: 12/21/2024 End: 12/28/2024
Vessel: Magellan Explorer",PEN,Penthouse Suite,"$29,995.00",3,0.0,3.0
"Classic Antarctica Air-Cruise MAG13-CA_2024-25
Start: 12/21/2024 End: 12/28/2024
Vessel: Magellan Explorer",SUT,Suite,"$27,995.00",5,3.0,2.0
"Classic Antarctica Air-Cruise MAG13-CA_2024-25
Start: 12/21/2024 End: 12/28/2024
Vessel: Magellan Explorer",DEL,Deluxe Veranda Cabin,"$24,995.00",16,1.0,15.0
"Classic Antarctica Air-Cruise MAG13-CA_2024-25
Start: 12/21/2024 End: 12/28/2024
Vessel: Magellan Explorer",VER,Veranda Cabin,"$22,995.00",6,1.0,5.0
"Classic Antarctica Air-Cruise MAG13-CA_2024-25
Start: 12/21/2024 End: 12/28/2024
Vessel: Magellan Explorer",VERF,Veranda Cabin - Female Share,"$22,995.00",1,0.0,1.0
"Classic Antarctica Air-Cruise MAG13-CA_2024-25
Start: 12/21/2024 End: 12/28/2024
Vessel: Magellan Explorer",VERM,Veranda Cabin - Male Share,"$22,995.00",1,0.0,1.0
"Classic Antarctica Air-Cruise MAG13-CA_2024-25
Start: 12/21/2024 End: 12/28/2024
Vessel: Magellan Explorer",POR,Porthole Cabin,"$18,795.00",1,0.0,1.0
"Classic Antarctica Air-Cruise MAG13-CA_2024-25
Start: 12/21/2024 End: 12/28/2024
Vessel: Magellan Explorer",PORF,Porthole Cabin - Female Share,"$18,795.00",1,0.5,0.5
"Classic Antarctica Air-Cruise MAG13-CA_2024-25
Start: 12/21/2024 End: 12/28/2024
Vessel: Magellan Explorer",PORM,Porthole Cabin - Male Share,"$18,795.00",1,0.0,1.0
"Classic Antarctica Air-Cruise MAG13-CA_2024-25
Start: 12/21/2024 End: 12/28/2024
Vessel: Magellan Explorer",TRP,Triple Suite,"$19,995.00",1,1.0,0.0
"Classic Antarctica Air-Cruise MAG13-CA_2024-25
Start: 12/21/2024 End: 12/28/2024
Vessel: Magellan Explorer",KAY,Sea Kayaking,$995.00,10,9.0,1.0
"Classic Antarctica Air-Cruise MAG14-CA_2024-25
Start: 12/26/2024 End: 1/2/2025
Vessel: Magellan Explorer",SGL,Single Veranda Cabin,"$29,995.00",3,0.0,3.0
"Classic Antarctica Air-Cruise MAG14-CA_2024-25
Start: 12/26/2024 End: 1/2/2025
Vessel: Magellan Explorer",PEN,Penthouse Suite,"$29,995.00",3,1.0,2.0
"Classic Antarctica Air-Cruise MAG14-CA_2024-25
Start: 12/26/2024 End: 1/2/2025
Vessel: Magellan Explorer",SUT,Suite,"$27,995.00",5,4.0,1.0
"Classic Antarctica Air-Cruise MAG14-CA_2024-25
Start: 12/26/2024 End: 1/2/2025
Vessel: Magellan Explorer",DEL,Deluxe Veranda Cabin,"$24,995.00",16,1.0,15.0
"Classic Antarctica Air-Cruise MAG14-CA_2024-25
Start: 12/26/2024 End: 1/2/2025
Vessel: Magellan Explorer",VER,Veranda Cabin,"$22,995.00",6,3.0,3.0
"Classic Antarctica Air-Cruise MAG14-CA_2024-25
Start: 12/26/2024 End: 1/2/2025
Vessel: Magellan Explorer",VERF,Veranda Cabin - Female Share,"$22,995.00",1,0.0,1.0
"Classic Antarctica Air-Cruise MAG14-CA_2024-25
Start: 12/26/2024 End: 1/2/2025
Vessel: Magellan Explorer",VERM,Veranda Cabin - Male Share,"$22,995.00",1,0.0,1.0
"Classic Antarctica Air-Cruise MAG14-CA_2024-25
Start: 12/26/2024 End: 1/2/2025
Vessel: Magellan Explorer",POR,Porthole Cabin,"$18,795.00",3,2.0,1.0
"Classic Antarctica Air-Cruise MAG14-CA_2024-25
Start: 12/26/2024 End: 1/2/2025
Vessel: Magellan Explorer",TRP,Triple Suite,"$19,995.00",1,1.0,0.0
"Classic Antarctica Air-Cruise MAG14-CA_2024-25
Start: 12/26/2024 End: 1/2/2025
Vessel: Magellan Explorer",KAY,Sea Kayaking,$995.00,10,10.0,0.0
"Classic Antarctica Air-Cruise MAG15-CA_2023-24
Start: 1/14/2024 End: 1/21/2024
Vessel: Magellan Explorer",SGL,Single Veranda Cabin,"$27,995.00",3,3.0,0.0
"Classic Antarctica Air-Cruise MAG15-CA_2023-24
Start: 1/14/2024 End: 1/21/2024
Vessel: Magellan Explorer",GRA,Grand Suite,"$27,995.00",6,6.0,0.0
"Classic Antarctica Air-Cruise MAG15-CA_2023-24
Start: 1/14/2024 End: 1/21/2024
Vessel: Magellan Explorer",PEN,Penthouse Suite,"$24,995.00",3,3.0,0.0
"Classic Antarctica Air-Cruise MAG15-CA_2023-24
Start: 1/14/2024 End: 1/21/2024
Vessel: Magellan Explorer",DEL,Deluxe Veranda Cabin,"$20,795.00",14,14.0,0.0
"Classic Antarctica Air-Cruise MAG15-CA_2023-24
Start: 1/14/2024 End: 1/21/2024
Vessel: Magellan Explorer",VER,Veranda Cabin,"$19,795.00",7,7.0,0.0
"Classic Antarctica Air-Cruise MAG15-CA_2023-24
Start: 1/14/2024 End: 1/21/2024
Vessel: Magellan Explorer",VERF,Veranda Cabin - Female Share,"$19,795.00",1,0.5,0.5
"Classic Antarctica Air-Cruise MAG15-CA_2023-24
Start: 1/14/2024 End: 1/21/2024
Vessel: Magellan Explorer",POR,Porthole Cabin,"$16,595.00",3,3.0,0.0
"Classic Antarctica Air-Cruise MAG15-CA_2023-24
Start: 1/14/2024 End: 1/21/2024
Vessel: Magellan Explorer",PORM,Porthole Cabin - Male Share,"$16,595.00",1,0.5,0.5
"Classic Antarctica Air-Cruise MAG15-CA_2023-24
Start: 1/14/2024 End: 1/21/2024
Vessel: Magellan Explorer",TRP,Triple Suite,"$15,495.00",1,1.0,0.0
"Classic Antarctica Air-Cruise MAG15-CA_2023-24
Start: 1/14/2024 End: 1/21/2024
Vessel: Magellan Explorer",KAY,Sea Kayaking,$995.00,10,10.0,0.0
"Classic Antarctica Air-Cruise MAG15-CA_2024-25
Start: 12/31/2024 End: 1/7/2025
Vessel: Magellan Explorer",SGL,Single Veranda Cabin,"$29,995.00",3,2.0,1.0
"Classic Antarctica Air-Cruise MAG15-CA_2024-25
Start: 12/31/2024 End: 1/7/2025
Vessel: Magellan Explorer",PEN,Penthouse Suite,"$29,995.00",3,0.0,3.0
"Classic Antarctica Air-Cruise MAG15-CA_2024-25
Start: 12/31/2024 End: 1/7/2025
Vessel: Magellan Explorer",SUT,Suite,"$27,995.00",5,2.0,3.0
"Classic Antarctica Air-Cruise MAG15-CA_2024-25
Start: 12/31/2024 End: 1/7/2025
Vessel: Magellan Explorer",DEL,Deluxe Veranda Cabin,"$24,995.00",16,5.0,11.0
"Classic Antarctica Air-Cruise MAG15-CA_2024-25
Start: 12/31/2024 End: 1/7/2025
Vessel: Magellan Explorer",VER,Veranda Cabin,"$22,995.00",7,7.0,0.0
"Classic Antarctica Air-Cruise MAG15-CA_2024-25
Start: 12/31/2024 End: 1/7/2025
Vessel: Magellan Explorer",VERM,Veranda Cabin - Male Share,"$22,995.00",1,0.0,1.0
"Classic Antarctica Air-Cruise MAG15-CA_2024-25
Start: 12/31/2024 End: 1/7/2025
Vessel: Magellan Explorer",POR,Porthole Cabin,"$18,795.00",1,1.0,0.0
"Classic Antarctica Air-Cruise MAG15-CA_2024-25
Start: 12/31/2024 End: 1/7/2025
Vessel: Magellan Explorer",PORF,Porthole Cabin - Female Share,"$18,795.00",1,1.0,0.0
"Classic Antarctica Air-Cruise MAG15-CA_2024-25
Start: 12/31/2024 End: 1/7/2025
Vessel: Magellan Explorer",PORM,Porthole Cabin - Male Share,"$18,795.00",1,0.0,1.0
"Classic Antarctica Air-Cruise MAG15-CA_2024-25
Start: 12/31/2024 End: 1/7/2025
Vessel: Magellan Explorer",TRP,Triple Suite,"$19,995.00",1,1.0,0.0
"Classic Antarctica Air-Cruise MAG15-CA_2024-25
Start: 12/31/2024 End: 1/7/2025
Vessel: Magellan Explorer",KAY,Sea Kayaking,$995.00,10,9.0,1.0
"Classic Antarctica Air-Cruise MAG16-CA_2023-24
Start: 1/19/2024 End: 1/26/2024
Vessel: Magellan Explorer",SGL,Single Veranda Cabin,"$27,995.00",3,3.0,0.0
"Classic Antarctica Air-Cruise MAG16-CA_2023-24
Start: 1/19/2024 End: 1/26/2024
Vessel: Magellan Explorer",GRA,Grand Suite,"$27,995.00",6,6.0,0.0
"Classic Antarctica Air-Cruise MAG16-CA_2023-24
Start: 1/19/2024 End: 1/26/2024
Vessel: Magellan Explorer",PEN,Penthouse Suite,"$24,995.00",3,3.0,0.0
"Classic Antarctica Air-Cruise MAG16-CA_2023-24
Start: 1/19/2024 End: 1/26/2024
Vessel: Magellan Explorer",DEL,Deluxe Veranda Cabin,"$20,795.00",14,14.0,0.0
"Classic Antarctica Air-Cruise MAG16-CA_2023-24
Start: 1/19/2024 End: 1/26/2024
Vessel: Magellan Explorer",VER,Veranda Cabin,"$19,795.00",8,8.0,0.0
"Classic Antarctica Air-Cruise MAG16-CA_2023-24
Start: 1/19/2024 End: 1/26/2024
Vessel: Magellan Explorer",POR,Porthole Cabin,"$16,595.00",3,3.0,0.0
"Classic Antarctica Air-Cruise MAG16-CA_2023-24
Start: 1/19/2024 End: 1/26/2024
Vessel: Magellan Explorer",PORM,Porthole Cabin - Male Share,"$16,595.00",1,1.0,0.0
"Classic Antarctica Air-Cruise MAG16-CA_2023-24
Start: 1/19/2024 End: 1/26/2024
Vessel: Magellan Explorer",TRP,Triple Suite,"$15,495.00",1,1.0,0.0
"Classic Antarctica Air-Cruise MAG16-CA_2023-24
Start: 1/19/2024 End: 1/26/2024
Vessel: Magellan Explorer",KAY,Sea Kayaking,$995.00,10,10.0,0.0
"Classic Antarctica Air-Cruise MAG17-CA_2024-25
Start: 1/14/2025 End: 1/21/2025
Vessel: Magellan Explorer",SGL,Single Veranda Cabin,"$28,995.00",3,3.0,0.0
"Classic Antarctica Air-Cruise MAG17-CA_2024-25
Start: 1/14/2025 End: 1/21/2025
Vessel: Magellan Explorer",PEN,Penthouse Suite,"$28,995.00",3,1.0,2.0
"Classic Antarctica Air-Cruise MAG17-CA_2024-25
Start: 1/14/2025 End: 1/21/2025
Vessel: Magellan Explorer",SUT,Suite,"$27,495.00",5,1.0,4.0
"Classic Antarctica Air-Cruise MAG17-CA_2024-25
Start: 1/14/2025 End: 1/21/2025
Vessel: Magellan Explorer",DEL,Deluxe Veranda Cabin,"$23,995.00",16,9.0,7.0
"Classic Antarctica Air-Cruise MAG17-CA_2024-25
Start: 1/14/2025 End: 1/21/2025
Vessel: Magellan Explorer",VER,Veranda Cabin,"$21,995.00",6,6.0,0.0
"Classic Antarctica Air-Cruise MAG17-CA_2024-25
Start: 1/14/2025 End: 1/21/2025
Vessel: Magellan Explorer",VERF,Veranda Cabin - Female Share,"$21,995.00",1,0.0,1.0
"Classic Antarctica Air-Cruise MAG17-CA_2024-25
Start: 1/14/2025 End: 1/21/2025
Vessel: Magellan Explorer",VERM,Veranda Cabin - Male Share,"$21,995.00",1,0.0,1.0
"Classic Antarctica Air-Cruise MAG17-CA_2024-25
Start: 1/14/2025 End: 1/21/2025
Vessel: Magellan Explorer",POR,Porthole Cabin,"$17,995.00",3,3.0,0.0
"Classic Antarctica Air-Cruise MAG17-CA_2024-25
Start: 1/14/2025 End: 1/21/2025
Vessel: Magellan Explorer",TRP,Triple Suite,"$19,795.00",1,1.0,0.0
"Classic Antarctica Air-Cruise MAG17-CA_2024-25
Start: 1/14/2025 End: 1/21/2025
Vessel: Magellan Explorer",KAY,Sea Kayaking,$995.00,10,8.0,2.0
"Classic Antarctica Air-Cruise MAG18-CA_2023-24
Start: 1/31/2024 End: 2/7/2024
Vessel: Magellan Explorer",SGL,Single Veranda Cabin,"$27,995.00",2,2.0,0.0
"Classic Antarctica Air-Cruise MAG18-CA_2023-24
Start: 1/31/2024 End: 2/7/2024
Vessel: Magellan Explorer",GRA,Grand Suite,"$27,995.00",7,7.0,0.0
"Classic Antarctica Air-Cruise MAG18-CA_2023-24
Start: 1/31/2024 End: 2/7/2024
Vessel: Magellan Explorer",PEN,Penthouse Suite,"$24,995.00",3,3.0,0.0
"Classic Antarctica Air-Cruise MAG18-CA_2023-24
Start: 1/31/2024 End: 2/7/2024
Vessel: Magellan Explorer",DEL,Deluxe Veranda Cabin,"$20,795.00",12,12.0,0.0
"Classic Antarctica Air-Cruise MAG18-CA_2023-24
Start: 1/31/2024 End: 2/7/2024
Vessel: Magellan Explorer",VER,Veranda Cabin,"$19,795.00",9,9.0,0.0
"Classic Antarctica Air-Cruise MAG18-CA_2023-24
Start: 1/31/2024 End: 2/7/2024
Vessel: Magellan Explorer",POR,Porthole Cabin,"$16,595.00",3,3.0,0.0
"Classic Antarctica Air-Cruise MAG18-CA_2023-24
Start: 1/31/2024 End: 2/7/2024
Vessel: Magellan Explorer",PORM,Porthole Cabin - Male Share,"$16,595.00",1,1.0,0.0
"Classic Antarctica Air-Cruise MAG18-CA_2023-24
Start: 1/31/2024 End: 2/7/2024
Vessel: Magellan Explorer",TRP,Triple Suite,"$15,495.00",1,1.0,0.0
"Classic Antarctica Air-Cruise MAG18-CA_2023-24
Start: 1/31/2024 End: 2/7/2024
Vessel: Magellan Explorer",KAY,Sea Kayaking,$995.00,10,10.0,0.0
"Classic Antarctica Air-Cruise MAG18-CA_2024-25
Start: 1/19/2025 End: 1/26/2025
Vessel: Magellan Explorer",SGL,Single Veranda Cabin,"$28,995.00",3,1.0,2.0
"Classic Antarctica Air-Cruise MAG18-CA_2024-25
Start: 1/19/2025 End: 1/26/2025
Vessel: Magellan Explorer",PEN,Penthouse Suite,"$28,995.00",3,0.0,3.0
"Classic Antarctica Air-Cruise MAG18-CA_2024-25
Start: 1/19/2025 End: 1/26/2025
Vessel: Magellan Explorer",SUT,Suite,"$27,495.00",5,1.0,4.0
"Classic Antarctica Air-Cruise MAG18-CA_2024-25
Start: 1/19/2025 End: 1/26/2025
Vessel: Magellan Explorer",DEL,Deluxe Veranda Cabin,"$23,995.00",16,5.0,11.0
"Classic Antarctica Air-Cruise MAG18-CA_2024-25
Start: 1/19/2025 End: 1/26/2025
Vessel: Magellan Explorer",VER,Veranda Cabin,"$21,995.00",8,7.0,1.0
"Classic Antarctica Air-Cruise MAG18-CA_2024-25
Start: 1/19/2025 End: 1/26/2025
Vessel: Magellan Explorer",POR,Porthole Cabin,"$17,995.00",2,2.0,0.0
"Classic Antarctica Air-Cruise MAG18-CA_2024-25
Start: 1/19/2025 End: 1/26/2025
Vessel: Magellan Explorer",PORM,Porthole Cabin - Male Share,"$17,995.00",1,0.0,1.0
"Classic Antarctica Air-Cruise MAG18-CA_2024-25
Start: 1/19/2025 End: 1/26/2025
Vessel: Magellan Explorer",TRP,Triple Suite,"$19,795.00",1,1.0,0.0
"Classic Antarctica Air-Cruise MAG18-CA_2024-25
Start: 1/19/2025 End: 1/26/2025
Vessel: Magellan Explorer",KAY,Sea Kayaking,$995.00,10,6.0,4.0
"Classic Antarctica Air-Cruise MAG19-CA_2023-24
Start: 2/5/2024 End: 2/12/2024
Vessel: Magellan Explorer",SGL,Single Veranda Cabin,"$27,995.00",2,2.0,0.0
"Classic Antarctica Air-Cruise MAG19-CA_2023-24
Start: 2/5/2024 End: 2/12/2024
Vessel: Magellan Explorer",GRA,Grand Suite,"$27,995.00",5,5.0,0.0
"Classic Antarctica Air-Cruise MAG19-CA_2023-24
Start: 2/5/2024 End: 2/12/2024
Vessel: Magellan Explorer",GRA-TPL,Grand Suite - Triple,"$27,995.00",1,1.0,0.0
"Classic Antarctica Air-Cruise MAG19-CA_2023-24
Start: 2/5/2024 End: 2/12/2024
Vessel: Magellan Explorer",PEN,Penthouse Suite,"$24,995.00",3,3.0,0.0
"Classic Antarctica Air-Cruise MAG19-CA_2023-24
Start: 2/5/2024 End: 2/12/2024
Vessel: Magellan Explorer",DEL,Deluxe Veranda Cabin,"$20,795.00",14,13.0,1.0
"Classic Antarctica Air-Cruise MAG19-CA_2023-24
Start: 2/5/2024 End: 2/12/2024
Vessel: Magellan Explorer",VER,Veranda Cabin,"$19,795.00",9,9.0,0.0
"Classic Antarctica Air-Cruise MAG19-CA_2023-24
Start: 2/5/2024 End: 2/12/2024
Vessel: Magellan Explorer",POR,Porthole Cabin,"$16,595.00",2,2.0,0.0
"Classic Antarctica Air-Cruise MAG19-CA_2023-24
Start: 2/5/2024 End: 2/12/2024
Vessel: Magellan Explorer",PORF,Porthole Cabin - Female Share,"$16,595.00",1,0.5,0.5
"Classic Antarctica Air-Cruise MAG19-CA_2023-24
Start: 2/5/2024 End: 2/12/2024
Vessel: Magellan Explorer",PORM,Porthole Cabin - Male Share,"$16,595.00",1,1.0,0.0
"Classic Antarctica Air-Cruise MAG19-CA_2023-24
Start: 2/5/2024 End: 2/12/2024
Vessel: Magellan Explorer",TRP,Triple Suite,"$15,495.00",1,1.0,0.0
"Classic Antarctica Air-Cruise MAG19-CA_2023-24
Start: 2/5/2024 End: 2/12/2024
Vessel: Magellan Explorer",KAY,Sea Kayaking,$995.00,10,9.0,1.0
"Classic Antarctica Air-Cruise MAG20-CA_2023-24
Start: 2/10/2024 End: 2/17/2024
Vessel: Magellan Explorer",SGL,Single Veranda Cabin,"$27,995.00",1,1.0,0.0
"Classic Antarctica Air-Cruise MAG20-CA_2023-24
Start: 2/10/2024 End: 2/17/2024
Vessel: Magellan Explorer",GRA,Grand Suite,"$27,995.00",6,6.0,0.0
"Classic Antarctica Air-Cruise MAG20-CA_2023-24
Start: 2/10/2024 End: 2/17/2024
Vessel: Magellan Explorer",PEN,Penthouse Suite,"$24,995.00",3,3.0,0.0
"Classic Antarctica Air-Cruise MAG20-CA_2023-24
Start: 2/10/2024 End: 2/17/2024
Vessel: Magellan Explorer",DEL,Deluxe Veranda Cabin,"$20,795.00",14,14.0,0.0
"Classic Antarctica Air-Cruise MAG20-CA_2023-24
Start: 2/10/2024 End: 2/17/2024
Vessel: Magellan Explorer",VER,Veranda Cabin,"$19,795.00",10,10.0,0.0
"Classic Antarctica Air-Cruise MAG20-CA_2023-24
Start: 2/10/2024 End: 2/17/2024
Vessel: Magellan Explorer",POR,Porthole Cabin,"$16,595.00",3,3.0,0.0
"Classic Antarctica Air-Cruise MAG20-CA_2023-24
Start: 2/10/2024 End: 2/17/2024
Vessel: Magellan Explorer",PORF,Porthole Cabin - Female Share,"$16,595.00",1,1.0,0.0
"Classic Antarctica Air-Cruise MAG20-CA_2023-24
Start: 2/10/2024 End: 2/17/2024
Vessel: Magellan Explorer",TRP,Triple Suite,"$15,495.00",1,1.0,0.0
"Classic Antarctica Air-Cruise MAG20-CA_2023-24
Start: 2/10/2024 End: 2/17/2024
Vessel: Magellan Explorer",KAY,Sea Kayaking,$995.00,10,10.0,0.0
"Classic Antarctica Air-Cruise MAG21-CA_2024-25
Start: 2/5/2025 End: 2/12/2025
Vessel: Magellan Explorer",SGL,Single Veranda Cabin,"$28,995.00",3,1.0,2.0
"Classic Antarctica Air-Cruise MAG21-CA_2024-25
Start: 2/5/2025 End: 2/12/2025
Vessel: Magellan Explorer",PEN,Penthouse Suite,"$28,995.00",3,0.0,3.0
"Classic Antarctica Air-Cruise MAG21-CA_2024-25
Start: 2/5/2025 End: 2/12/2025
Vessel: Magellan Explorer",SUT,Suite,"$27,495.00",5,3.0,2.0
"Classic Antarctica Air-Cruise MAG21-CA_2024-25
Start: 2/5/2025 End: 2/12/2025
Vessel: Magellan Explorer",DEL,Deluxe Veranda Cabin,"$23,995.00",16,10.0,6.0
"Classic Antarctica Air-Cruise MAG21-CA_2024-25
Start: 2/5/2025 End: 2/12/2025
Vessel: Magellan Explorer",VER,Veranda Cabin,"$21,995.00",6,6.0,0.0
"Classic Antarctica Air-Cruise MAG21-CA_2024-25
Start: 2/5/2025 End: 2/12/2025
Vessel: Magellan Explorer",VERF,Veranda Cabin - Female Share,"$21,995.00",1,0.0,1.0
"Classic Antarctica Air-Cruise MAG21-CA_2024-25
Start: 2/5/2025 End: 2/12/2025
Vessel: Magellan Explorer",VERM,Veranda Cabin - Male Share,"$21,995.00",1,0.0,1.0
"Classic Antarctica Air-Cruise MAG21-CA_2024-25
Start: 2/5/2025 End: 2/12/2025
Vessel: Magellan Explorer",POR,Porthole Cabin,"$17,995.00",1,1.0,0.0
"Classic Antarctica Air-Cruise MAG21-CA_2024-25
Start: 2/5/2025 End: 2/12/2025
Vessel: Magellan Explorer",PORF,Porthole Cabin - Female Share,"$17,995.00",1,0.0,1.0
"Classic Antarctica Air-Cruise MAG21-CA_2024-25
Start: 2/5/2025 End: 2/12/2025
Vessel: Magellan Explorer",PORM,Porthole Cabin - Male Share,"$17,995.00",1,0.0,1.0
"Classic Antarctica Air-Cruise MAG21-CA_2024-25
Start: 2/5/2025 End: 2/12/2025
Vessel: Magellan Explorer",TRP,Triple Suite,"$19,795.00",1,0.0,1.0
"Classic Antarctica Air-Cruise MAG21-CA_2024-25
Start: 2/5/2025 End: 2/12/2025
Vessel: Magellan Explorer",KAY,Sea Kayaking,$995.00,10,2.0,8.0
"Classic Antarctica Air-Cruise MAG22-CA_2024-25
Start: 2/10/2025 End: 2/17/2025
Vessel: Magellan Explorer",SGL,Single Veranda Cabin,"$28,995.00",3,0.0,3.0
"Classic Antarctica Air-Cruise MAG22-CA_2024-25
Start: 2/10/2025 End: 2/17/2025
Vessel: Magellan Explorer",PEN,Penthouse Suite,"$28,995.00",3,0.0,3.0
"Classic Antarctica Air-Cruise MAG22-CA_2024-25
Start: 2/10/2025 End: 2/17/2025
Vessel: Magellan Explorer",SUT,Suite,"$27,495.00",5,1.0,4.0
"Classic Antarctica Air-Cruise MAG22-CA_2024-25
Start: 2/10/2025 End: 2/17/2025
Vessel: Magellan Explorer",DEL,Deluxe Veranda Cabin,"$23,995.00",16,5.0,11.0
"Classic Antarctica Air-Cruise MAG22-CA_2024-25
Start: 2/10/2025 End: 2/17/2025
Vessel: Magellan Explorer",VER,Veranda Cabin,"$21,995.00",6,4.0,2.0
"Classic Antarctica Air-Cruise MAG22-CA_2024-25
Start: 2/10/2025 End: 2/17/2025
Vessel: Magellan Explorer",VERF,Veranda Cabin - Female Share,"$21,995.00",1,0.0,1.0
"Classic Antarctica Air-Cruise MAG22-CA_2024-25
Start: 2/10/2025 End: 2/17/2025
Vessel: Magellan Explorer",VERM,Veranda Cabin - Male Share,"$21,995.00",1,0.0,1.0
"Classic Antarctica Air-Cruise MAG22-CA_2024-25
Start: 2/10/2025 End: 2/17/2025
Vessel: Magellan Explorer",POR,Porthole Cabin,"$17,995.00",1,0.0,1.0
"Classic Antarctica Air-Cruise MAG22-CA_2024-25
Start: 2/10/2025 End: 2/17/2025
Vessel: Magellan Explorer",PORF,Porthole Cabin - Female Share,"$17,995.00",1,0.0,1.0
"Classic Antarctica Air-Cruise MAG22-CA_2024-25
Start: 2/10/2025 End: 2/17/2025
Vessel: Magellan Explorer",PORM,Porthole Cabin - Male Share,"$17,995.00",1,0.5,0.5
"Classic Antarctica Air-Cruise MAG22-CA_2024-25
Start: 2/10/2025 End: 2/17/2025
Vessel: Magellan Explorer",TRP,Triple Suite,"$19,795.00",1,1.0,0.0
"Classic Antarctica Air-Cruise MAG22-CA_2024-25
Start: 2/10/2025 End: 2/17/2025
Vessel: Magellan Explorer",KAY,Sea Kayaking,$995.00,10,4.0,6.0
"Classic Antarctica Air-Cruise MAG23-CA_2023-24
Start: 2/25/2024 End: 3/3/2024
Vessel: Magellan Explorer",SGL,Single Veranda Cabin,"$25,995.00",3,3.0,0.0
"Classic Antarctica Air-Cruise MAG23-CA_2023-24
Start: 2/25/2024 End: 3/3/2024
Vessel: Magellan Explorer",GRA,Grand Suite,"$25,995.00",6,4.0,2.0
"Classic Antarctica Air-Cruise MAG23-CA_2023-24
Start: 2/25/2024 End: 3/3/2024
Vessel: Magellan Explorer",PEN,Penthouse Suite,"$22,795.00",3,2.0,1.0
"Classic Antarctica Air-Cruise MAG23-CA_2023-24
Start: 2/25/2024 End: 3/3/2024
Vessel: Magellan Explorer",DEL,Deluxe Veranda Cabin,"$19,395.00",14,14.0,0.0
"Classic Antarctica Air-Cruise MAG23-CA_2023-24
Start: 2/25/2024 End: 3/3/2024
Vessel: Magellan Explorer",VER,Veranda Cabin,"$17,995.00",8,8.0,0.0
"Classic Antarctica Air-Cruise MAG23-CA_2023-24
Start: 2/25/2024 End: 3/3/2024
Vessel: Magellan Explorer",POR,Porthole Cabin,"$15,295.00",3,2.0,1.0
"Classic Antarctica Air-Cruise MAG23-CA_2023-24
Start: 2/25/2024 End: 3/3/2024
Vessel: Magellan Explorer",PORM,Porthole Cabin - Male Share,"$15,295.00",1,1.0,0.0
"Classic Antarctica Air-Cruise MAG23-CA_2023-24
Start: 2/25/2024 End: 3/3/2024
Vessel: Magellan Explorer",TRP,Triple Suite,"$13,995.00",1,1.0,0.0
"Classic Antarctica Air-Cruise MAG23-CA_2023-24
Start: 2/25/2024 End: 3/3/2024
Vessel: Magellan Explorer",KAY,Sea Kayaking,$995.00,10,10.0,0.0
"Classic Antarctica Air-Cruise MAG23-CA_2024-25
Start: 2/15/2025 End: 2/22/2025
Vessel: Magellan Explorer",SGL,Single Veranda Cabin,"$28,995.00",3,0.0,3.0
"Classic Antarctica Air-Cruise MAG23-CA_2024-25
Start: 2/15/2025 End: 2/22/2025
Vessel: Magellan Explorer",PEN,Penthouse Suite,"$28,995.00",3,1.0,2.0
"Classic Antarctica Air-Cruise MAG23-CA_2024-25
Start: 2/15/2025 End: 2/22/2025
Vessel: Magellan Explorer",SUT,Suite,"$27,495.00",5,0.0,5.0
"Classic Antarctica Air-Cruise MAG23-CA_2024-25
Start: 2/15/2025 End: 2/22/2025
Vessel: Magellan Explorer",DEL,Deluxe Veranda Cabin,"$23,995.00",16,2.0,14.0
"Classic Antarctica Air-Cruise MAG23-CA_2024-25
Start: 2/15/2025 End: 2/22/2025
Vessel: Magellan Explorer",VER,Veranda Cabin,"$21,995.00",6,3.0,3.0
"Classic Antarctica Air-Cruise MAG23-CA_2024-25
Start: 2/15/2025 End: 2/22/2025
Vessel: Magellan Explorer",VERF,Veranda Cabin - Female Share,"$21,995.00",1,0.0,1.0
"Classic Antarctica Air-Cruise MAG23-CA_2024-25
Start: 2/15/2025 End: 2/22/2025
Vessel: Magellan Explorer",VERM,Veranda Cabin - Male Share,"$21,995.00",1,0.0,1.0
"Classic Antarctica Air-Cruise MAG23-CA_2024-25
Start: 2/15/2025 End: 2/22/2025
Vessel: Magellan Explorer",POR,Porthole Cabin,"$17,995.00",1,1.0,0.0
"Classic Antarctica Air-Cruise MAG23-CA_2024-25
Start: 2/15/2025 End: 2/22/2025
Vessel: Magellan Explorer",PORF,Porthole Cabin - Female Share,"$17,995.00",1,0.0,1.0
"Classic Antarctica Air-Cruise MAG23-CA_2024-25
Start: 2/15/2025 End: 2/22/2025
Vessel: Magellan Explorer",PORM,Porthole Cabin - Male Share,"$17,995.00",1,0.0,1.0
"Classic Antarctica Air-Cruise MAG23-CA_2024-25
Start: 2/15/2025 End: 2/22/2025
Vessel: Magellan Explorer",TRP,Triple Suite,"$19,795.00",1,0.0,1.0
"Classic Antarctica Air-Cruise MAG23-CA_2024-25
Start: 2/15/2025 End: 2/22/2025
Vessel: Magellan Explorer",KAY,Sea Kayaking,$995.00,10,0.0,10.0
"Classic Antarctica Air-Cruise MAG24-CA_2023-24
Start: 3/1/2024 End: 3/8/2024
Vessel: Magellan Explorer",SGL,Single Veranda Cabin,"$25,995.00",3,3.0,0.0
"Classic Antarctica Air-Cruise MAG24-CA_2023-24
Start: 3/1/2024 End: 3/8/2024
Vessel: Magellan Explorer",GRA,Grand Suite,"$25,995.00",6,1.0,5.0
"Classic Antarctica Air-Cruise MAG24-CA_2023-24
Start: 3/1/2024 End: 3/8/2024
Vessel: Magellan Explorer",PEN,Penthouse Suite,"$22,795.00",3,3.0,0.0
"Classic Antarctica Air-Cruise MAG24-CA_2023-24
Start: 3/1/2024 End: 3/8/2024
Vessel: Magellan Explorer",DEL,Deluxe Veranda Cabin,"$19,395.00",14,10.0,4.0
"Classic Antarctica Air-Cruise MAG24-CA_2023-24
Start: 3/1/2024 End: 3/8/2024
Vessel: Magellan Explorer",VER,Veranda Cabin,"$17,995.00",6,2.0,4.0
"Classic Antarctica Air-Cruise MAG24-CA_2023-24
Start: 3/1/2024 End: 3/8/2024
Vessel: Magellan Explorer",VERF,Veranda Cabin - Female Share,"$17,995.00",1,0.0,1.0
"Classic Antarctica Air-Cruise MAG24-CA_2023-24
Start: 3/1/2024 End: 3/8/2024
Vessel: Magellan Explorer",VERM,Veranda Cabin - Male Share,"$17,995.00",1,0.0,1.0
"Classic Antarctica Air-Cruise MAG24-CA_2023-24
Start: 3/1/2024 End: 3/8/2024
Vessel: Magellan Explorer",POR,Porthole Cabin,"$15,295.00",2,0.0,2.0
"Classic Antarctica Air-Cruise MAG24-CA_2023-24
Start: 3/1/2024 End: 3/8/2024
Vessel: Magellan Explorer",PORF,Porthole Cabin - Female Share,"$15,295.00",1,0.5,0.5
"Classic Antarctica Air-Cruise MAG24-CA_2023-24
Start: 3/1/2024 End: 3/8/2024
Vessel: Magellan Explorer",PORM,Porthole Cabin - Male Share,"$15,295.00",1,0.0,1.0
"Classic Antarctica Air-Cruise MAG24-CA_2023-24
Start: 3/1/2024 End: 3/8/2024
Vessel: Magellan Explorer",TRP,Triple Suite,"$13,995.00",1,1.0,0.0
"Classic Antarctica Air-Cruise MAG24-CA_2023-24
Start: 3/1/2024 End: 3/8/2024
Vessel: Magellan Explorer",KAY,Sea Kayaking,$995.00,10,10.0,0.0
"Classic Antarctica Air-Cruise MAG24-CA_2024-25
Start: 2/20/2025 End: 2/27/2025
Vessel: Magellan Explorer",SGL,Single Veranda Cabin,"$28,995.00",3,0.0,3.0
"Classic Antarctica Air-Cruise MAG24-CA_2024-25
Start: 2/20/2025 End: 2/27/2025
Vessel: Magellan Explorer",PEN,Penthouse Suite,"$28,995.00",3,0.0,3.0
"Classic Antarctica Air-Cruise MAG24-CA_2024-25
Start: 2/20/2025 End: 2/27/2025
Vessel: Magellan Explorer",SUT,Suite,"$27,495.00",5,0.0,5.0
"Classic Antarctica Air-Cruise MAG24-CA_2024-25
Start: 2/20/2025 End: 2/27/2025
Vessel: Magellan Explorer",DEL,Deluxe Veranda Cabin,"$23,995.00",16,0.0,16.0
"Classic Antarctica Air-Cruise MAG24-CA_2024-25
Start: 2/20/2025 End: 2/27/2025
Vessel: Magellan Explorer",VER,Veranda Cabin,"$21,995.00",6,1.0,5.0
"Classic Antarctica Air-Cruise MAG24-CA_2024-25
Start: 2/20/2025 End: 2/27/2025
Vessel: Magellan Explorer",VERF,Veranda Cabin - Female Share,"$21,995.00",1,0.0,1.0
"Classic Antarctica Air-Cruise MAG24-CA_2024-25
Start: 2/20/2025 End: 2/27/2025
Vessel: Magellan Explorer",VERM,Veranda Cabin - Male Share,"$21,995.00",1,0.0,1.0
"Classic Antarctica Air-Cruise MAG24-CA_2024-25
Start: 2/20/2025 End: 2/27/2025
Vessel: Magellan Explorer",POR,Porthole Cabin,"$17,995.00",1,0.0,1.0
"Classic Antarctica Air-Cruise MAG24-CA_2024-25
Start: 2/20/2025 End: 2/27/2025
Vessel: Magellan Explorer",PORF,Porthole Cabin - Female Share,"$17,995.00",1,0.0,1.0
"Classic Antarctica Air-Cruise MAG24-CA_2024-25
Start: 2/20/2025 End: 2/27/2025
Vessel: Magellan Explorer",PORM,Porthole Cabin - Male Share,"$17,995.00",1,0.0,1.0
"Classic Antarctica Air-Cruise MAG24-CA_2024-25
Start: 2/20/2025 End: 2/27/2025
Vessel: Magellan Explorer",TRP,Triple Suite,"$19,795.00",1,0.0,1.0
"Classic Antarctica Air-Cruise MAG24-CA_2024-25
Start: 2/20/2025 End: 2/27/2025
Vessel: Magellan Explorer",KAY,Sea Kayaking,$995.00,10,0.0,10.0
"Classic Antarctica Air-Cruise MAG25-CA_2024-25
Start: 2/25/2025 End: 3/4/2025
Vessel: Magellan Explorer",SGL,Single Veranda Cabin,"$26,995.00",3,0.0,3.0
"Classic Antarctica Air-Cruise MAG25-CA_2024-25
Start: 2/25/2025 End: 3/4/2025
Vessel: Magellan Explorer",PEN,Penthouse Suite,"$26,995.00",3,0.0,3.0
"Classic Antarctica Air-Cruise MAG25-CA_2024-25
Start: 2/25/2025 End: 3/4/2025
Vessel: Magellan Explorer",SUT,Suite,"$24,995.00",5,0.0,5.0
"Classic Antarctica Air-Cruise MAG25-CA_2024-25
Start: 2/25/2025 End: 3/4/2025
Vessel: Magellan Explorer",DEL,Deluxe Veranda Cabin,"$21,995.00",16,1.0,15.0
"Classic Antarctica Air-Cruise MAG25-CA_2024-25
Start: 2/25/2025 End: 3/4/2025
Vessel: Magellan Explorer",VER,Veranda Cabin,"$19,995.00",6,0.0,6.0
"Classic Antarctica Air-Cruise MAG25-CA_2024-25
Start: 2/25/2025 End: 3/4/2025
Vessel: Magellan Explorer",VERF,Veranda Cabin - Female Share,"$19,995.00",1,0.0,1.0
"Classic Antarctica Air-Cruise MAG25-CA_2024-25
Start: 2/25/2025 End: 3/4/2025
Vessel: Magellan Explorer",VERM,Veranda Cabin - Male Share,"$19,995.00",1,0.0,1.0
"Classic Antarctica Air-Cruise MAG25-CA_2024-25
Start: 2/25/2025 End: 3/4/2025
Vessel: Magellan Explorer",POR,Porthole Cabin,"$15,995.00",1,0.0,1.0
"Classic Antarctica Air-Cruise MAG25-CA_2024-25
Start: 2/25/2025 End: 3/4/2025
Vessel: Magellan Explorer",PORF,Porthole Cabin - Female Share,"$15,995.00",1,0.5,0.5
"Classic Antarctica Air-Cruise MAG25-CA_2024-25
Start: 2/25/2025 End: 3/4/2025
Vessel: Magellan Explorer",PORM,Porthole Cabin - Male Share,"$15,995.00",1,0.0,1.0
"Classic Antarctica Air-Cruise MAG25-CA_2024-25
Start: 2/25/2025 End: 3/4/2025
Vessel: Magellan Explorer",TRP,Triple Suite,"$17,995.00",1,0.0,1.0
"Classic Antarctica Air-Cruise MAG25-CA_2024-25
Start: 2/25/2025 End: 3/4/2025
Vessel: Magellan Explorer",KAY,Sea Kayaking,$995.00,10,1.0,9.0
"Classic Antarctica Air-Cruise MAG26-CA_2024-25
Start: 3/2/2025 End: 3/9/2025
Vessel: Magellan Explorer",SGL,Single Veranda Cabin,"$26,995.00",3,0.0,3.0
"Classic Antarctica Air-Cruise MAG26-CA_2024-25
Start: 3/2/2025 End: 3/9/2025
Vessel: Magellan Explorer",PEN,Penthouse Suite,"$26,995.00",3,0.0,3.0
"Classic Antarctica Air-Cruise MAG26-CA_2024-25
Start: 3/2/2025 End: 3/9/2025
Vessel: Magellan Explorer",SUT,Suite,"$24,995.00",5,0.0,5.0
"Classic Antarctica Air-Cruise MAG26-CA_2024-25
Start: 3/2/2025 End: 3/9/2025
Vessel: Magellan Explorer",DEL,Deluxe Veranda Cabin,"$21,995.00",16,1.0,15.0
"Classic Antarctica Air-Cruise MAG26-CA_2024-25
Start: 3/2/2025 End: 3/9/2025
Vessel: Magellan Explorer",VER,Veranda Cabin,"$19,995.00",6,5.0,1.0
"Classic Antarctica Air-Cruise MAG26-CA_2024-25
Start: 3/2/2025 End: 3/9/2025
Vessel: Magellan Explorer",VERF,Veranda Cabin - Female Share,"$19,995.00",1,0.0,1.0
"Classic Antarctica Air-Cruise MAG26-CA_2024-25
Start: 3/2/2025 End: 3/9/2025
Vessel: Magellan Explorer",VERM,Veranda Cabin - Male Share,"$19,995.00",1,0.0,1.0
"Classic Antarctica Air-Cruise MAG26-CA_2024-25
Start: 3/2/2025 End: 3/9/2025
Vessel: Magellan Explorer",POR,Porthole Cabin,"$15,995.00",2,2.0,0.0
"Classic Antarctica Air-Cruise MAG26-CA_2024-25
Start: 3/2/2025 End: 3/9/2025
Vessel: Magellan Explorer",PORM,Porthole Cabin - Male Share,"$15,995.00",1,0.0,1.0
"Classic Antarctica Air-Cruise MAG26-CA_2024-25
Start: 3/2/2025 End: 3/9/2025
Vessel: Magellan Explorer",TRP,Triple Suite,"$17,995.00",1,0.0,1.0
"Classic Antarctica Air-Cruise MAG26-CA_2024-25
Start: 3/2/2025 End: 3/9/2025
Vessel: Magellan Explorer",KAY,Sea Kayaking,$995.00,10,0.0,10.0
"Classic Antarctica Air-Cruise OCN04-CA_2023-24
Start: 12/2/2023 End: 12/9/2023
Vessel: Ocean Nova",SGL,Single Cabin,"$17,795.00",5,5.0,0.0
"Classic Antarctica Air-Cruise OCN04-CA_2023-24
Start: 12/2/2023 End: 12/9/2023
Vessel: Ocean Nova",TWN,Twin Cabin,"$13,595.00",26,26.0,0.0
"Classic Antarctica Air-Cruise OCN04-CA_2023-24
Start: 12/2/2023 End: 12/9/2023
Vessel: Ocean Nova",TWNF,Twin Cabin - Female Share,"$13,595.00",1,1.0,0.0
"Classic Antarctica Air-Cruise OCN04-CA_2023-24
Start: 12/2/2023 End: 12/9/2023
Vessel: Ocean Nova",TWNM,Twin Cabin - Male Share,"$13,595.00",1,1.0,0.0
"Classic Antarctica Air-Cruise OCN04-CA_2023-24
Start: 12/2/2023 End: 12/9/2023
Vessel: Ocean Nova",TRP,Triple Cabin,"$11,495.00",1,1.0,0.0
"Classic Antarctica Air-Cruise OCN04-CA_2023-24
Start: 12/2/2023 End: 12/9/2023
Vessel: Ocean Nova",KAY,Sea Kayaking,$895.00,10,10.0,0.0
"Classic Antarctica Air-Cruise OCN04-CA_2024-25
Start: 12/2/2024 End: 12/9/2024
Vessel: Ocean Nova",SGL,Single Cabin,"$17,795.00",4,1.0,3.0
"Classic Antarctica Air-Cruise OCN04-CA_2024-25
Start: 12/2/2024 End: 12/9/2024
Vessel: Ocean Nova",TWN,Twin Cabin,"$13,795.00",23,20.0,3.0
"Classic Antarctica Air-Cruise OCN04-CA_2024-25
Start: 12/2/2024 End: 12/9/2024
Vessel: Ocean Nova",TWNF,Twin Cabin - Female Share,"$13,795.00",2,0.0,2.0
"Classic Antarctica Air-Cruise OCN04-CA_2024-25
Start: 12/2/2024 End: 12/9/2024
Vessel: Ocean Nova",TWNM,Twin Cabin - Male Share,"$13,795.00",2,0.5,1.5
"Classic Antarctica Air-Cruise OCN04-CA_2024-25
Start: 12/2/2024 End: 12/9/2024
Vessel: Ocean Nova",TRP,Triple Cabin,"$11,495.00",3,1.0,2.0
"Classic Antarctica Air-Cruise OCN04-CA_2024-25
Start: 12/2/2024 End: 12/9/2024
Vessel: Ocean Nova",KAY,Sea Kayaking,$895.00,10,5.0,5.0
"Classic Antarctica Air-Cruise OCN05-CA_2023-24
Start: 12/7/2023 End: 12/14/2023
Vessel: Ocean Nova",SGL,Single Cabin,"$17,795.00",4,4.0,0.0
"Classic Antarctica Air-Cruise OCN05-CA_2023-24
Start: 12/7/2023 End: 12/14/2023
Vessel: Ocean Nova",TWN,Twin Cabin,"$13,595.00",25,25.0,0.0
"Classic Antarctica Air-Cruise OCN05-CA_2023-24
Start: 12/7/2023 End: 12/14/2023
Vessel: Ocean Nova",TWNF,Twin Cabin - Female Share,"$13,595.00",1,1.0,0.0
"Classic Antarctica Air-Cruise OCN05-CA_2023-24
Start: 12/7/2023 End: 12/14/2023
Vessel: Ocean Nova",TWNM,Twin Cabin - Male Share,"$13,595.00",1,1.0,0.0
"Classic Antarctica Air-Cruise OCN05-CA_2023-24
Start: 12/7/2023 End: 12/14/2023
Vessel: Ocean Nova",TRP,Triple Cabin,"$11,495.00",3,3.0,0.0
"Classic Antarctica Air-Cruise OCN05-CA_2023-24
Start: 12/7/2023 End: 12/14/2023
Vessel: Ocean Nova",KAY,Sea Kayaking,$895.00,10,10.0,0.0
"Classic Antarctica Air-Cruise OCN06-CA_2023-24
Start: 12/12/2023 End: 12/19/2023
Vessel: Ocean Nova",SGL,Single Cabin,"$17,795.00",4,4.0,0.0
"Classic Antarctica Air-Cruise OCN06-CA_2023-24
Start: 12/12/2023 End: 12/19/2023
Vessel: Ocean Nova",TWN,Twin Cabin,"$13,595.00",25,24.0,1.0
"Classic Antarctica Air-Cruise OCN06-CA_2023-24
Start: 12/12/2023 End: 12/19/2023
Vessel: Ocean Nova",TWNF,Twin Cabin - Female Share,"$13,595.00",1,1.0,0.0
"Classic Antarctica Air-Cruise OCN06-CA_2023-24
Start: 12/12/2023 End: 12/19/2023
Vessel: Ocean Nova",TWNM,Twin Cabin - Male Share,"$13,595.00",1,1.0,0.0
"Classic Antarctica Air-Cruise OCN06-CA_2023-24
Start: 12/12/2023 End: 12/19/2023
Vessel: Ocean Nova",TRP,Triple Cabin,"$11,495.00",3,3.0,0.0
"Classic Antarctica Air-Cruise OCN06-CA_2023-24
Start: 12/12/2023 End: 12/19/2023
Vessel: Ocean Nova",KAY,Sea Kayaking,$895.00,10,10.0,0.0
"Classic Antarctica Air-Cruise OCN06-CA_2024-25
Start: 12/12/2024 End: 12/19/2024
Vessel: Ocean Nova",SGL,Single Cabin,"$17,795.00",4,1.0,3.0
"Classic Antarctica Air-Cruise OCN06-CA_2024-25
Start: 12/12/2024 End: 12/19/2024
Vessel: Ocean Nova",TWN,Twin Cabin,"$13,795.00",23,17.0,6.0
"Classic Antarctica Air-Cruise OCN06-CA_2024-25
Start: 12/12/2024 End: 12/19/2024
Vessel: Ocean Nova",TWNF,Twin Cabin - Female Share,"$13,795.00",2,0.0,2.0
"Classic Antarctica Air-Cruise OCN06-CA_2024-25
Start: 12/12/2024 End: 12/19/2024
Vessel: Ocean Nova",TWNM,Twin Cabin - Male Share,"$13,795.00",2,0.0,2.0
"Classic Antarctica Air-Cruise OCN06-CA_2024-25
Start: 12/12/2024 End: 12/19/2024
Vessel: Ocean Nova",TRP,Triple Cabin,"$11,495.00",3,2.0,1.0
"Classic Antarctica Air-Cruise OCN06-CA_2024-25
Start: 12/12/2024 End: 12/19/2024
Vessel: Ocean Nova",KAY,Sea Kayaking,$895.00,10,2.0,8.0
"Classic Antarctica Air-Cruise OCN07-CA_2023-24
Start: 12/17/2023 End: 12/24/2023
Vessel: Ocean Nova",SGL,Single Cabin,"$17,795.00",4,4.0,0.0
"Classic Antarctica Air-Cruise OCN07-CA_2023-24
Start: 12/17/2023 End: 12/24/2023
Vessel: Ocean Nova",TWN,Twin Cabin,"$13,595.00",25,25.0,0.0
"Classic Antarctica Air-Cruise OCN07-CA_2023-24
Start: 12/17/2023 End: 12/24/2023
Vessel: Ocean Nova",TWNM,Twin Cabin - Male Share,"$13,595.00",1,1.0,0.0
"Classic Antarctica Air-Cruise OCN07-CA_2023-24
Start: 12/17/2023 End: 12/24/2023
Vessel: Ocean Nova",TWNS,Twin Cabin - Sharing,"$13,595.00",1,1.0,0.0
"Classic Antarctica Air-Cruise OCN07-CA_2023-24
Start: 12/17/2023 End: 12/24/2023
Vessel: Ocean Nova",TRP,Triple Cabin,"$11,495.00",3,3.0,0.0
"Classic Antarctica Air-Cruise OCN07-CA_2023-24
Start: 12/17/2023 End: 12/24/2023
Vessel: Ocean Nova",KAY,Sea Kayaking,$895.00,10,9.0,1.0
"Classic Antarctica Air-Cruise OCN07-CA_2024-25
Start: 12/17/2024 End: 12/24/2024
Vessel: Ocean Nova",SGL,Single Cabin,"$17,795.00",4,1.0,3.0
"Classic Antarctica Air-Cruise OCN07-CA_2024-25
Start: 12/17/2024 End: 12/24/2024
Vessel: Ocean Nova",TWN,Twin Cabin,"$13,795.00",23,4.0,19.0
"Classic Antarctica Air-Cruise OCN07-CA_2024-25
Start: 12/17/2024 End: 12/24/2024
Vessel: Ocean Nova",TWNF,Twin Cabin - Female Share,"$13,795.00",2,0.5,1.5
"Classic Antarctica Air-Cruise OCN07-CA_2024-25
Start: 12/17/2024 End: 12/24/2024
Vessel: Ocean Nova",TWNM,Twin Cabin - Male Share,"$13,795.00",2,0.0,2.0
"Classic Antarctica Air-Cruise OCN07-CA_2024-25
Start: 12/17/2024 End: 12/24/2024
Vessel: Ocean Nova",TRP,Triple Cabin,"$11,495.00",3,1.0,2.0
"Classic Antarctica Air-Cruise OCN07-CA_2024-25
Start: 12/17/2024 End: 12/24/2024
Vessel: Ocean Nova",KAY,Sea Kayaking,$895.00,10,0.0,10.0
"Classic Antarctica Air-Cruise OCN08-CA_2023-24
Start: 12/22/2023 End: 12/29/2023
Vessel: Ocean Nova",SGL,Single Cabin,"$21,995.00",4,3.0,1.0
"Classic Antarctica Air-Cruise OCN08-CA_2023-24
Start: 12/22/2023 End: 12/29/2023
Vessel: Ocean Nova",TWN,Twin Cabin,"$15,595.00",23,23.0,0.0
"Classic Antarctica Air-Cruise OCN08-CA_2023-24
Start: 12/22/2023 End: 12/29/2023
Vessel: Ocean Nova",TWNF,Twin Cabin - Female Share,"$15,595.00",2,2.0,0.0
"Classic Antarctica Air-Cruise OCN08-CA_2023-24
Start: 12/22/2023 End: 12/29/2023
Vessel: Ocean Nova",TWNM,Twin Cabin - Male Share,"$15,595.00",2,2.0,0.0
"Classic Antarctica Air-Cruise OCN08-CA_2023-24
Start: 12/22/2023 End: 12/29/2023
Vessel: Ocean Nova",TRP,Triple Cabin,"$13,495.00",3,3.0,0.0
"Classic Antarctica Air-Cruise OCN08-CA_2023-24
Start: 12/22/2023 End: 12/29/2023
Vessel: Ocean Nova",KAY,Sea Kayaking,$895.00,10,10.0,0.0
"Classic Antarctica Air-Cruise OCN08-CA_2024-25
Start: 12/22/2024 End: 12/29/2024
Vessel: Ocean Nova",SGL,Single Cabin,"$21,995.00",4,0.0,4.0
"Classic Antarctica Air-Cruise OCN08-CA_2024-25
Start: 12/22/2024 End: 12/29/2024
Vessel: Ocean Nova",TWN,Twin Cabin,"$15,795.00",23,14.0,9.0
"Classic Antarctica Air-Cruise OCN08-CA_2024-25
Start: 12/22/2024 End: 12/29/2024
Vessel: Ocean Nova",TWNF,Twin Cabin - Female Share,"$15,795.00",2,0.0,2.0
"Classic Antarctica Air-Cruise OCN08-CA_2024-25
Start: 12/22/2024 End: 12/29/2024
Vessel: Ocean Nova",TWNM,Twin Cabin - Male Share,"$15,795.00",2,0.0,2.0
"Classic Antarctica Air-Cruise OCN08-CA_2024-25
Start: 12/22/2024 End: 12/29/2024
Vessel: Ocean Nova",TRP,Triple Cabin,"$13,595.00",3,0.0,3.0
"Classic Antarctica Air-Cruise OCN08-CA_2024-25
Start: 12/22/2024 End: 12/29/2024
Vessel: Ocean Nova",KAY,Sea Kayaking,$895.00,10,0.0,10.0
"Classic Antarctica Air-Cruise OCN09-CA_2023-24
Start: 12/27/2023 End: 1/3/2024
Vessel: Ocean Nova",SGL,Single Cabin,"$21,995.00",4,1.0,3.0
"Classic Antarctica Air-Cruise OCN09-CA_2023-24
Start: 12/27/2023 End: 1/3/2024
Vessel: Ocean Nova",TWN,Twin Cabin,"$15,595.00",27,27.0,0.0
"Classic Antarctica Air-Cruise OCN09-CA_2023-24
Start: 12/27/2023 End: 1/3/2024
Vessel: Ocean Nova",TRP,Triple Cabin,"$13,495.00",3,3.0,0.0
"Classic Antarctica Air-Cruise OCN09-CA_2023-24
Start: 12/27/2023 End: 1/3/2024
Vessel: Ocean Nova",KAY,Sea Kayaking,$895.00,10,10.0,0.0
"Classic Antarctica Air-Cruise OCN09-CA_2024-25
Start: 12/27/2024 End: 1/3/2025
Vessel: Ocean Nova",SGL,Single Cabin,"$21,995.00",4,0.0,4.0
"Classic Antarctica Air-Cruise OCN09-CA_2024-25
Start: 12/27/2024 End: 1/3/2025
Vessel: Ocean Nova",TWN,Twin Cabin,"$15,795.00",23,18.0,5.0
"Classic Antarctica Air-Cruise OCN09-CA_2024-25
Start: 12/27/2024 End: 1/3/2025
Vessel: Ocean Nova",TWNF,Twin Cabin - Female Share,"$15,795.00",2,0.0,2.0
"Classic Antarctica Air-Cruise OCN09-CA_2024-25
Start: 12/27/2024 End: 1/3/2025
Vessel: Ocean Nova",TWNM,Twin Cabin - Male Share,"$15,795.00",2,0.0,2.0
"Classic Antarctica Air-Cruise OCN09-CA_2024-25
Start: 12/27/2024 End: 1/3/2025
Vessel: Ocean Nova",TRP,Triple Cabin,"$13,595.00",3,1.0,2.0
"Classic Antarctica Air-Cruise OCN09-CA_2024-25
Start: 12/27/2024 End: 1/3/2025
Vessel: Ocean Nova",KAY,Sea Kayaking,$895.00,10,6.0,4.0
"Classic Antarctica Air-Cruise OCN12-CA_2023-24
Start: 1/17/2024 End: 1/24/2024
Vessel: Ocean Nova",SGL,Single Cabin,"$21,995.00",4,4.0,0.0
"Classic Antarctica Air-Cruise OCN12-CA_2023-24
Start: 1/17/2024 End: 1/24/2024
Vessel: Ocean Nova",TWN,Twin Cabin,"$15,595.00",24,23.0,1.0
"Classic Antarctica Air-Cruise OCN12-CA_2023-24
Start: 1/17/2024 End: 1/24/2024
Vessel: Ocean Nova",TWNF,Twin Cabin - Female Share,"$15,595.00",2,1.5,0.5
"Classic Antarctica Air-Cruise OCN12-CA_2023-24
Start: 1/17/2024 End: 1/24/2024
Vessel: Ocean Nova",TWNM,Twin Cabin - Male Share,"$15,595.00",1,0.0,1.0
"Classic Antarctica Air-Cruise OCN12-CA_2023-24
Start: 1/17/2024 End: 1/24/2024
Vessel: Ocean Nova",TRP,Triple Cabin,"$13,595.00",3,3.0,0.0
"Classic Antarctica Air-Cruise OCN12-CA_2023-24
Start: 1/17/2024 End: 1/24/2024
Vessel: Ocean Nova",KAY,Sea Kayaking,$895.00,10,10.0,0.0
"Classic Antarctica Air-Cruise OCN12-CA_2024-25
Start: 1/17/2025 End: 1/24/2025
Vessel: Ocean Nova",SGL,Single Cabin,"$21,995.00",4,1.0,3.0
"Classic Antarctica Air-Cruise OCN12-CA_2024-25
Start: 1/17/2025 End: 1/24/2025
Vessel: Ocean Nova",TWN,Twin Cabin,"$15,795.00",23,7.0,16.0
"Classic Antarctica Air-Cruise OCN12-CA_2024-25
Start: 1/17/2025 End: 1/24/2025
Vessel: Ocean Nova",TWNF,Twin Cabin - Female Share,"$15,795.00",2,0.0,2.0
"Classic Antarctica Air-Cruise OCN12-CA_2024-25
Start: 1/17/2025 End: 1/24/2025
Vessel: Ocean Nova",TWNM,Twin Cabin - Male Share,"$15,795.00",2,0.5,1.5
"Classic Antarctica Air-Cruise OCN12-CA_2024-25
Start: 1/17/2025 End: 1/24/2025
Vessel: Ocean Nova",TRP,Triple Cabin,"$13,595.00",3,1.0,2.0
"Classic Antarctica Air-Cruise OCN12-CA_2024-25
Start: 1/17/2025 End: 1/24/2025
Vessel: Ocean Nova",KAY,Sea Kayaking,$895.00,10,2.0,8.0
"Classic Antarctica Air-Cruise OCN13-CA_2023-24
Start: 1/22/2024 End: 1/29/2024
Vessel: Ocean Nova",SGL,Single Cabin,"$21,995.00",4,3.0,1.0
"Classic Antarctica Air-Cruise OCN13-CA_2023-24
Start: 1/22/2024 End: 1/29/2024
Vessel: Ocean Nova",TWN,Twin Cabin,"$15,595.00",23,17.0,6.0
"Classic Antarctica Air-Cruise OCN13-CA_2023-24
Start: 1/22/2024 End: 1/29/2024
Vessel: Ocean Nova",TWNF,Twin Cabin - Female Share,"$15,595.00",2,0.0,2.0
"Classic Antarctica Air-Cruise OCN13-CA_2023-24
Start: 1/22/2024 End: 1/29/2024
Vessel: Ocean Nova",TWNM,Twin Cabin - Male Share,"$15,595.00",2,0.0,2.0
"Classic Antarctica Air-Cruise OCN13-CA_2023-24
Start: 1/22/2024 End: 1/29/2024
Vessel: Ocean Nova",TRP,Triple Cabin,"$13,595.00",3,3.0,0.0
"Classic Antarctica Air-Cruise OCN13-CA_2023-24
Start: 1/22/2024 End: 1/29/2024
Vessel: Ocean Nova",KAY,Sea Kayaking,$895.00,10,9.0,1.0
"Classic Antarctica Air-Cruise OCN13-CA_2024-25
Start: 1/22/2025 End: 1/29/2025
Vessel: Ocean Nova",SGL,Single Cabin,"$21,995.00",4,0.0,4.0
"Classic Antarctica Air-Cruise OCN13-CA_2024-25
Start: 1/22/2025 End: 1/29/2025
Vessel: Ocean Nova",TWN,Twin Cabin,"$15,795.00",23,2.0,21.0
"Classic Antarctica Air-Cruise OCN13-CA_2024-25
Start: 1/22/2025 End: 1/29/2025
Vessel: Ocean Nova",TWNF,Twin Cabin - Female Share,"$15,795.00",2,1.0,1.0
"Classic Antarctica Air-Cruise OCN13-CA_2024-25
Start: 1/22/2025 End: 1/29/2025
Vessel: Ocean Nova",TWNM,Twin Cabin - Male Share,"$15,795.00",2,0.5,1.5
"Classic Antarctica Air-Cruise OCN13-CA_2024-25
Start: 1/22/2025 End: 1/29/2025
Vessel: Ocean Nova",TRP,Triple Cabin,"$13,595.00",3,1.0,2.0
"Classic Antarctica Air-Cruise OCN13-CA_2024-25
Start: 1/22/2025 End: 1/29/2025
Vessel: Ocean Nova",KAY,Sea Kayaking,$895.00,10,4.0,6.0
"Classic Antarctica Air-Cruise OCN14-CA_2023-24
Start: 1/27/2024 End: 2/3/2024
Vessel: Ocean Nova",SGL,Single Cabin,"$21,995.00",4,2.0,2.0
"Classic Antarctica Air-Cruise OCN14-CA_2023-24
Start: 1/27/2024 End: 2/3/2024
Vessel: Ocean Nova",TWN,Twin Cabin,"$15,595.00",23,16.0,7.0
"Classic Antarctica Air-Cruise OCN14-CA_2023-24
Start: 1/27/2024 End: 2/3/2024
Vessel: Ocean Nova",TWNF,Twin Cabin - Female Share,"$15,595.00",2,1.0,1.0
"Classic Antarctica Air-Cruise OCN14-CA_2023-24
Start: 1/27/2024 End: 2/3/2024
Vessel: Ocean Nova",TWNM,Twin Cabin - Male Share,"$15,595.00",2,0.0,2.0
"Classic Antarctica Air-Cruise OCN14-CA_2023-24
Start: 1/27/2024 End: 2/3/2024
Vessel: Ocean Nova",TRP,Triple Cabin,"$13,595.00",3,0.0,3.0
"Classic Antarctica Air-Cruise OCN14-CA_2023-24
Start: 1/27/2024 End: 2/3/2024
Vessel: Ocean Nova",KAY,Sea Kayaking,$895.00,10,9.0,1.0
"Classic Antarctica Air-Cruise OCN15-CA_2023-24
Start: 2/1/2024 End: 2/8/2024
Vessel: Ocean Nova",SGL,Single Cabin,"$21,995.00",4,4.0,0.0
"Classic Antarctica Air-Cruise OCN15-CA_2023-24
Start: 2/1/2024 End: 2/8/2024
Vessel: Ocean Nova",TWN,Twin Cabin,"$15,595.00",23,20.0,3.0
"Classic Antarctica Air-Cruise OCN15-CA_2023-24
Start: 2/1/2024 End: 2/8/2024
Vessel: Ocean Nova",TWNF,Twin Cabin - Female Share,"$15,595.00",2,1.0,1.0
"Classic Antarctica Air-Cruise OCN15-CA_2023-24
Start: 2/1/2024 End: 2/8/2024
Vessel: Ocean Nova",TWNM,Twin Cabin - Male Share,"$15,595.00",2,0.0,2.0
"Classic Antarctica Air-Cruise OCN15-CA_2023-24
Start: 2/1/2024 End: 2/8/2024
Vessel: Ocean Nova",TRP,Triple Cabin,"$13,595.00",3,1.0,2.0
"Classic Antarctica Air-Cruise OCN15-CA_2023-24
Start: 2/1/2024 End: 2/8/2024
Vessel: Ocean Nova",KAY,Sea Kayaking,$895.00,10,8.0,2.0
"Classic Antarctica Air-Cruise OCN15-CA_2024-25
Start: 2/1/2025 End: 2/8/2025
Vessel: Ocean Nova",SGL,Single Cabin,"$21,995.00",4,0.0,4.0
"Classic Antarctica Air-Cruise OCN15-CA_2024-25
Start: 2/1/2025 End: 2/8/2025
Vessel: Ocean Nova",TWN,Twin Cabin,"$15,795.00",23,0.0,23.0
"Classic Antarctica Air-Cruise OCN15-CA_2024-25
Start: 2/1/2025 End: 2/8/2025
Vessel: Ocean Nova",TWNF,Twin Cabin - Female Share,"$15,795.00",2,0.0,2.0
"Classic Antarctica Air-Cruise OCN15-CA_2024-25
Start: 2/1/2025 End: 2/8/2025
Vessel: Ocean Nova",TWNM,Twin Cabin - Male Share,"$15,795.00",2,0.0,2.0
"Classic Antarctica Air-Cruise OCN15-CA_2024-25
Start: 2/1/2025 End: 2/8/2025
Vessel: Ocean Nova",TRP,Triple Cabin,"$13,595.00",3,0.0,3.0
"Classic Antarctica Air-Cruise OCN15-CA_2024-25
Start: 2/1/2025 End: 2/8/2025
Vessel: Ocean Nova",KAY,Sea Kayaking,$895.00,10,0.0,10.0
"Classic Antarctica Air-Cruise OCN16-CA_2024-25 
Start: 2/6/2025 End: 2/13/2025
Vessel: Ocean Nova",SGL,Single Cabin,"$21,995.00",4,0.0,4.0
"Classic Antarctica Air-Cruise OCN16-CA_2024-25 
Start: 2/6/2025 End: 2/13/2025
Vessel: Ocean Nova",TWN,Twin Cabin,"$15,795.00",24,9.0,15.0
"Classic Antarctica Air-Cruise OCN16-CA_2024-25 
Start: 2/6/2025 End: 2/13/2025
Vessel: Ocean Nova",TWNF,Twin Cabin - Female Share,"$15,795.00",1,0.0,1.0
"Classic Antarctica Air-Cruise OCN16-CA_2024-25 
Start: 2/6/2025 End: 2/13/2025
Vessel: Ocean Nova",TWNM,Twin Cabin - Male Share,"$15,795.00",2,0.0,2.0
"Classic Antarctica Air-Cruise OCN16-CA_2024-25 
Start: 2/6/2025 End: 2/13/2025
Vessel: Ocean Nova",TRP,Triple Cabin,"$13,595.00",3,0.0,3.0
"Classic Antarctica Air-Cruise OCN16-CA_2024-25 
Start: 2/6/2025 End: 2/13/2025
Vessel: Ocean Nova",KAY,Sea Kayaking,$895.00,10,0.0,10.0
"Classic Antarctica Air-Cruise OCN17-CA_2023-24
Start: 2/11/2024 End: 2/18/2024
Vessel: Ocean Nova",SGL,Single Cabin,"$21,995.00",4,4.0,0.0
"Classic Antarctica Air-Cruise OCN17-CA_2023-24
Start: 2/11/2024 End: 2/18/2024
Vessel: Ocean Nova",TWN,Twin Cabin,"$15,595.00",25,25.0,0.0
"Classic Antarctica Air-Cruise OCN17-CA_2023-24
Start: 2/11/2024 End: 2/18/2024
Vessel: Ocean Nova",TWNF,Twin Cabin - Female Share,"$15,595.00",1,1.0,0.0
"Classic Antarctica Air-Cruise OCN17-CA_2023-24
Start: 2/11/2024 End: 2/18/2024
Vessel: Ocean Nova",TWNM,Twin Cabin - Male Share,"$15,595.00",1,1.0,0.0
"Classic Antarctica Air-Cruise OCN17-CA_2023-24
Start: 2/11/2024 End: 2/18/2024
Vessel: Ocean Nova",TRP,Triple Cabin,"$13,595.00",3,3.0,0.0
"Classic Antarctica Air-Cruise OCN17-CA_2023-24
Start: 2/11/2024 End: 2/18/2024
Vessel: Ocean Nova",KAY,Sea Kayaking,$895.00,10,10.0,0.0
"Classic Antarctica Air-Cruise OCN17-CA_2024-25 
Start: 2/11/2025 End: 2/18/2025
Vessel: Ocean Nova",SGL,Single Cabin,"$21,995.00",4,0.0,4.0
"Classic Antarctica Air-Cruise OCN17-CA_2024-25 
Start: 2/11/2025 End: 2/18/2025
Vessel: Ocean Nova",TWN,Twin Cabin,"$15,795.00",23,9.0,14.0
"Classic Antarctica Air-Cruise OCN17-CA_2024-25 
Start: 2/11/2025 End: 2/18/2025
Vessel: Ocean Nova",TWNF,Twin Cabin - Female Share,"$15,795.00",2,0.0,2.0
"Classic Antarctica Air-Cruise OCN17-CA_2024-25 
Start: 2/11/2025 End: 2/18/2025
Vessel: Ocean Nova",TWNM,Twin Cabin - Male Share,"$15,795.00",2,1.0,1.0
"Classic Antarctica Air-Cruise OCN17-CA_2024-25 
Start: 2/11/2025 End: 2/18/2025
Vessel: Ocean Nova",TRP,Triple Cabin,"$13,595.00",3,1.0,2.0
"Classic Antarctica Air-Cruise OCN17-CA_2024-25 
Start: 2/11/2025 End: 2/18/2025
Vessel: Ocean Nova",KAY,Sea Kayaking,$895.00,10,0.0,10.0
"Falklands (Malvinas) & South Georgia MAG04-FS_2024-25 (PUQ-PUQ) 
Start: 10/9/2024 End: 10/25/2024
Vessel: Magellan Explorer",PEN,Penthouse Suite,"$15,995.00",3,3.0,0.0
"Falklands (Malvinas) & South Georgia MAG04-FS_2024-25 (PUQ-PUQ) 
Start: 10/9/2024 End: 10/25/2024
Vessel: Magellan Explorer",SGL,Single Veranda Cabin,"$23,995.00",1,0.0,1.0
"Falklands (Malvinas) & South Georgia MAG04-FS_2024-25 (PUQ-PUQ) 
Start: 10/9/2024 End: 10/25/2024
Vessel: Magellan Explorer",SUT,Suite,"$25,990.00",1,0.0,1.0
"Falklands (Malvinas) & South Georgia MAG04-FS_2024-25 (PUQ-PUQ) 
Start: 10/9/2024 End: 10/25/2024
Vessel: Magellan Explorer",DEL,Deluxe Veranda Cabin,"$13,995.00",24,6.0,18.0
"Falklands (Malvinas) & South Georgia MAG04-FS_2024-25 (PUQ-PUQ) 
Start: 10/9/2024 End: 10/25/2024
Vessel: Magellan Explorer",VER,Veranda Cabin,"$12,995.00",10,10.0,0.0
"Falklands (Malvinas) & South Georgia MAG04-FS_2024-25 (PUQ-PUQ) 
Start: 10/9/2024 End: 10/25/2024
Vessel: Magellan Explorer",POR,Porthole Cabin,"$9,995.00",5,5.0,0.0
"Falklands (Malvinas) & South Georgia MAG04-FS_2024-25 (PUQ-PUQ) 
Start: 10/9/2024 End: 10/25/2024
Vessel: Magellan Explorer",PORM,Porthole Cabin - Male Share,"$9,995.00",1,1.0,0.0
"Falklands (Malvinas) & South Georgia MAG04-FS_2024-25 (PUQ-PUQ) 
Start: 10/9/2024 End: 10/25/2024
Vessel: Magellan Explorer",TRP,Triple Suite,"$16,995.00",1,0.0,1.0
"Falklands (Malvinas) & South Georgia MAG04-FS_2024-25 (PUQ-PUQ) 
Start: 10/9/2024 End: 10/25/2024
Vessel: Magellan Explorer",KAY,Sea Kayaking,$995.00,10,8.0,2.0
"Falklands (Malvinas), South Georgia & Antarctica MAG05-SG_2023-24 (MPN-USH) 
Start: 10/28/2023 End: 11/16/2023
Vessel: Magellan Explorer",PEN,Penthouse Suite,"$19,995.00",3,3.0,0.0
"Falklands (Malvinas), South Georgia & Antarctica MAG05-SG_2023-24 (MPN-USH) 
Start: 10/28/2023 End: 11/16/2023
Vessel: Magellan Explorer",DEL,Deluxe Veranda Cabin,"$17,995.00",25,19.0,6.0
"Falklands (Malvinas), South Georgia & Antarctica MAG05-SG_2023-24 (MPN-USH) 
Start: 10/28/2023 End: 11/16/2023
Vessel: Magellan Explorer",DEL-S,Deluxe Veranda Cabin - Single Occupancy,"$17,995.00",1,1.0,0.0
"Falklands (Malvinas), South Georgia & Antarctica MAG05-SG_2023-24 (MPN-USH) 
Start: 10/28/2023 End: 11/16/2023
Vessel: Magellan Explorer",DVF,Deluxe Veranda Cabin - Female Sharing,"$17,995.00",1,1.0,0.0
"Falklands (Malvinas), South Georgia & Antarctica MAG05-SG_2023-24 (MPN-USH) 
Start: 10/28/2023 End: 11/16/2023
Vessel: Magellan Explorer",DVM,Deluxe Veranda Cabin - Male Sharing,"$17,995.00",1,1.0,0.0
"Falklands (Malvinas), South Georgia & Antarctica MAG05-SG_2023-24 (MPN-USH) 
Start: 10/28/2023 End: 11/16/2023
Vessel: Magellan Explorer",VER,Veranda Cabin,"$16,995.00",9,7.0,2.0
"Falklands (Malvinas), South Georgia & Antarctica MAG05-SG_2023-24 (MPN-USH) 
Start: 10/28/2023 End: 11/16/2023
Vessel: Magellan Explorer",VERF,Veranda Cabin - Female Share,"$16,995.00",1,1.0,0.0
"Falklands (Malvinas), South Georgia & Antarctica MAG05-SG_2023-24 (MPN-USH) 
Start: 10/28/2023 End: 11/16/2023
Vessel: Magellan Explorer",VERS,Veranda Cabin - Share,"$16,995.00",1,1.0,0.0
"Falklands (Malvinas), South Georgia & Antarctica MAG05-SG_2023-24 (MPN-USH) 
Start: 10/28/2023 End: 11/16/2023
Vessel: Magellan Explorer",POR,Porthole Cabin,"$14,995.00",5,4.0,1.0
"Falklands (Malvinas), South Georgia & Antarctica MAG05-SG_2023-24 (MPN-USH) 
Start: 10/28/2023 End: 11/16/2023
Vessel: Magellan Explorer",PORF,Porthole Cabin - Female Share,"$14,995.00",1,1.0,0.0
"Falklands (Malvinas), South Georgia & Antarctica MAG05-SG_2023-24 (MPN-USH) 
Start: 10/28/2023 End: 11/16/2023
Vessel: Magellan Explorer",KAY,Sea Kayaking,$995.00,10,4.0,6.0
"Patagonia & Chilean Fjords Expedition MAG02-CF_2024-25 (Puerto Montt - Ushuaia) 
Start: 9/13/2024 End: 9/21/2024
Vessel: Magellan Explorer",SGL,Single Veranda Cabin,"$8,995.00",1,1.0,0.0
"Patagonia & Chilean Fjords Expedition MAG02-CF_2024-25 (Puerto Montt - Ushuaia) 
Start: 9/13/2024 End: 9/21/2024
Vessel: Magellan Explorer",PEN,Penthouse Suite,"$8,995.00",3,1.0,2.0
"Patagonia & Chilean Fjords Expedition MAG02-CF_2024-25 (Puerto Montt - Ushuaia) 
Start: 9/13/2024 End: 9/21/2024
Vessel: Magellan Explorer",SUT,Suite,"$8,595.00",1,0.0,1.0
"Patagonia & Chilean Fjords Expedition MAG02-CF_2024-25 (Puerto Montt - Ushuaia) 
Start: 9/13/2024 End: 9/21/2024
Vessel: Magellan Explorer",DEL,Deluxe Veranda Cabin,"$7,495.00",24,6.0,18.0
"Patagonia & Chilean Fjords Expedition MAG02-CF_2024-25 (Puerto Montt - Ushuaia) 
Start: 9/13/2024 End: 9/21/2024
Vessel: Magellan Explorer",VER,Veranda Cabin,"$6,995.00",8,1.0,7.0
"Patagonia & Chilean Fjords Expedition MAG02-CF_2024-25 (Puerto Montt - Ushuaia) 
Start: 9/13/2024 End: 9/21/2024
Vessel: Magellan Explorer",VERF,Veranda Cabin - Female Share,"$6,995.00",1,0.5,0.5
"Patagonia & Chilean Fjords Expedition MAG02-CF_2024-25 (Puerto Montt - Ushuaia) 
Start: 9/13/2024 End: 9/21/2024
Vessel: Magellan Explorer",VERM,Veranda Cabin - Male Share,"$6,995.00",1,0.5,0.5
"Patagonia & Chilean Fjords Expedition MAG02-CF_2024-25 (Puerto Montt - Ushuaia) 
Start: 9/13/2024 End: 9/21/2024
Vessel: Magellan Explorer",POR,Porthole Cabin,"$6,495.00",4,3.0,1.0
"Patagonia & Chilean Fjords Expedition MAG02-CF_2024-25 (Puerto Montt - Ushuaia) 
Start: 9/13/2024 End: 9/21/2024
Vessel: Magellan Explorer",PORF,Porthole Cabin - Female Share,"$6,495.00",1,0.0,1.0
"Patagonia & Chilean Fjords Expedition MAG02-CF_2024-25 (Puerto Montt - Ushuaia) 
Start: 9/13/2024 End: 9/21/2024
Vessel: Magellan Explorer",PORM,Porthole Cabin - Male Share,"$6,495.00",1,0.0,1.0
"Patagonia & Chilean Fjords Expedition MAG02-CF_2024-25 (Puerto Montt - Ushuaia) 
Start: 9/13/2024 End: 9/21/2024
Vessel: Magellan Explorer",TRP,Triple Suite,"$5,995.00",1,0.0,1.0
"Patagonia & Chilean Fjords Expedition MAG02-CF_2024-25 (Puerto Montt - Ushuaia) 
Start: 9/13/2024 End: 9/21/2024
Vessel: Magellan Explorer",KAY,Sea Kayaking,$495.00,10,2.0,8.0
"Patagonia & Chilean Fjords Expedition MAG29-CF_2024-25 (Ushuaia - Puerto Montt)
Start: 3/31/2025 End: 4/8/2025
Vessel: Magellan Explorer",SGL,Single Veranda Cabin,"$8,995.00",1,1.0,0.0
"Patagonia & Chilean Fjords Expedition MAG29-CF_2024-25 (Ushuaia - Puerto Montt)
Start: 3/31/2025 End: 4/8/2025
Vessel: Magellan Explorer",PEN,Penthouse Suite,"$8,995.00",3,2.0,1.0
"Patagonia & Chilean Fjords Expedition MAG29-CF_2024-25 (Ushuaia - Puerto Montt)
Start: 3/31/2025 End: 4/8/2025
Vessel: Magellan Explorer",SUT,Suite,"$8,995.00",1,0.0,1.0
"Patagonia & Chilean Fjords Expedition MAG29-CF_2024-25 (Ushuaia - Puerto Montt)
Start: 3/31/2025 End: 4/8/2025
Vessel: Magellan Explorer",DEL,Deluxe Veranda Cabin,"$7,495.00",24,14.0,10.0
"Patagonia & Chilean Fjords Expedition MAG29-CF_2024-25 (Ushuaia - Puerto Montt)
Start: 3/31/2025 End: 4/8/2025
Vessel: Magellan Explorer",VER,Veranda Cabin,"$6,995.00",8,6.0,2.0
"Patagonia & Chilean Fjords Expedition MAG29-CF_2024-25 (Ushuaia - Puerto Montt)
Start: 3/31/2025 End: 4/8/2025
Vessel: Magellan Explorer",VERF,Veranda Cabin - Female Share,"$6,995.00",1,0.0,1.0
"Patagonia & Chilean Fjords Expedition MAG29-CF_2024-25 (Ushuaia - Puerto Montt)
Start: 3/31/2025 End: 4/8/2025
Vessel: Magellan Explorer",VERM,Veranda Cabin - Male Share,"$6,995.00",1,0.5,0.5
"Patagonia & Chilean Fjords Expedition MAG29-CF_2024-25 (Ushuaia - Puerto Montt)
Start: 3/31/2025 End: 4/8/2025
Vessel: Magellan Explorer",POR,Porthole Cabin,"$6,495.00",5,5.0,0.0
"Patagonia & Chilean Fjords Expedition MAG29-CF_2024-25 (Ushuaia - Puerto Montt)
Start: 3/31/2025 End: 4/8/2025
Vessel: Magellan Explorer",PORF,Porthole Cabin - Female Share,"$6,495.00",1,0.0,1.0
"Patagonia & Chilean Fjords Expedition MAG29-CF_2024-25 (Ushuaia - Puerto Montt)
Start: 3/31/2025 End: 4/8/2025
Vessel: Magellan Explorer",TRP,Triple Suite,"$5,995.00",1,0.0,1.0
"Patagonia & Chilean Fjords Expedition MAG29-CF_2024-25 (Ushuaia - Puerto Montt)
Start: 3/31/2025 End: 4/8/2025
Vessel: Magellan Explorer",KAY,Sea Kayaking,$495.00,10,3.0,7.0
"Polar Circle Air-Cruise MAG17-PC_2023-24
Start: 1/24/2024 End: 2/2/2024
Vessel: Magellan Explorer",SGL,Single Veranda Cabin,"$34,995.00",1,1.0,0.0
"Polar Circle Air-Cruise MAG17-PC_2023-24
Start: 1/24/2024 End: 2/2/2024
Vessel: Magellan Explorer",GRA,Grand Suite,"$34,995.00",7,7.0,0.0
"Polar Circle Air-Cruise MAG17-PC_2023-24
Start: 1/24/2024 End: 2/2/2024
Vessel: Magellan Explorer",PEN,Penthouse Suite,"$29,995.00",3,3.0,0.0
"Polar Circle Air-Cruise MAG17-PC_2023-24
Start: 1/24/2024 End: 2/2/2024
Vessel: Magellan Explorer",DEL,Deluxe Veranda Cabin,"$25,995.00",12,12.0,0.0
"Polar Circle Air-Cruise MAG17-PC_2023-24
Start: 1/24/2024 End: 2/2/2024
Vessel: Magellan Explorer",VER,Veranda Cabin,"$24,995.00",9,9.0,0.0
"Polar Circle Air-Cruise MAG17-PC_2023-24
Start: 1/24/2024 End: 2/2/2024
Vessel: Magellan Explorer",VERM,Veranda Cabin - Male Share,"$24,995.00",1,1.0,0.0
"Polar Circle Air-Cruise MAG17-PC_2023-24
Start: 1/24/2024 End: 2/2/2024
Vessel: Magellan Explorer",POR,Porthole Cabin,"$21,395.00",4,4.0,0.0
"Polar Circle Air-Cruise MAG17-PC_2023-24
Start: 1/24/2024 End: 2/2/2024
Vessel: Magellan Explorer",TRP,Triple Suite,"$19,995.00",1,1.0,0.0
"Polar Circle Air-Cruise MAG17-PC_2023-24
Start: 1/24/2024 End: 2/2/2024
Vessel: Magellan Explorer",KAY,Sea Kayaking,$995.00,10,10.0,0.0
"Polar Circle Air-Cruise MAG19-PC_2024-25
Start: 1/24/2025 End: 2/2/2025
Vessel: Magellan Explorer",SGL,Single Veranda Cabin,"$36,495.00",3,0.0,3.0
"Polar Circle Air-Cruise MAG19-PC_2024-25
Start: 1/24/2025 End: 2/2/2025
Vessel: Magellan Explorer",PEN,Penthouse Suite,"$36,495.00",3,3.0,0.0
"Polar Circle Air-Cruise MAG19-PC_2024-25
Start: 1/24/2025 End: 2/2/2025
Vessel: Magellan Explorer",SUITE,Suite,"$32,995.00",5,5.0,0.0
"Polar Circle Air-Cruise MAG19-PC_2024-25
Start: 1/24/2025 End: 2/2/2025
Vessel: Magellan Explorer",DEL,Deluxe Veranda Cabin,"$29,795.00",16,13.0,3.0
"Polar Circle Air-Cruise MAG19-PC_2024-25
Start: 1/24/2025 End: 2/2/2025
Vessel: Magellan Explorer",VER,Veranda Cabin,"$26,995.00",7,7.0,0.0
"Polar Circle Air-Cruise MAG19-PC_2024-25
Start: 1/24/2025 End: 2/2/2025
Vessel: Magellan Explorer",VERM,Veranda Cabin - Male Share,"$26,995.00",1,0.0,1.0
"Polar Circle Air-Cruise MAG19-PC_2024-25
Start: 1/24/2025 End: 2/2/2025
Vessel: Magellan Explorer",POR,Porthole Cabin,"$22,795.00",1,1.0,0.0
"Polar Circle Air-Cruise MAG19-PC_2024-25
Start: 1/24/2025 End: 2/2/2025
Vessel: Magellan Explorer",PORF,Porthole Cabin - Female Share,"$22,795.00",1,0.0,1.0
"Polar Circle Air-Cruise MAG19-PC_2024-25
Start: 1/24/2025 End: 2/2/2025
Vessel: Magellan Explorer",PORM,Porthole Cabin - Male Share,"$22,795.00",1,0.0,1.0
"Polar Circle Air-Cruise MAG19-PC_2024-25
Start: 1/24/2025 End: 2/2/2025
Vessel: Magellan Explorer",TRP,Triple Suite,"$24,995.00",1,1.0,0.0
"Polar Circle Air-Cruise MAG19-PC_2024-25
Start: 1/24/2025 End: 2/2/2025
Vessel: Magellan Explorer",KAY,Sea Kayaking,$995.00,10,10.0,0.0
"Polar Circle Air-Cruise OCN10-PC_2023-24
Start: 1/1/2024 End: 1/10/2024
Vessel: Ocean Nova",SGL,Single Cabin,"$26,395.00",4,4.0,0.0
"Polar Circle Air-Cruise OCN10-PC_2023-24
Start: 1/1/2024 End: 1/10/2024
Vessel: Ocean Nova",TWN,Twin Cabin,"$18,495.00",25,23.0,2.0
"Polar Circle Air-Cruise OCN10-PC_2023-24
Start: 1/1/2024 End: 1/10/2024
Vessel: Ocean Nova",TWNF,Twin Cabin - Female Share,"$18,495.00",1,0.5,0.5
"Polar Circle Air-Cruise OCN10-PC_2023-24
Start: 1/1/2024 End: 1/10/2024
Vessel: Ocean Nova",TWNM,Twin Cabin - Male Share,"$18,495.00",1,1.0,0.0
"Polar Circle Air-Cruise OCN10-PC_2023-24
Start: 1/1/2024 End: 1/10/2024
Vessel: Ocean Nova",TRP,Triple Cabin,"$15,995.00",3,3.0,0.0
"Polar Circle Air-Cruise OCN10-PC_2023-24
Start: 1/1/2024 End: 1/10/2024
Vessel: Ocean Nova",KAY,Sea Kayaking,$895.00,10,10.0,0.0
"Polar Circle Air-Cruise OCN10-PC_2024-25
Start: 1/1/2025 End: 1/10/2025
Vessel: Ocean Nova",SGL,Single Cabin,"$26,395.00",4,2.0,2.0
"Polar Circle Air-Cruise OCN10-PC_2024-25
Start: 1/1/2025 End: 1/10/2025
Vessel: Ocean Nova",TWN,Twin Cabin,"$18,795.00",23,6.0,17.0
"Polar Circle Air-Cruise OCN10-PC_2024-25
Start: 1/1/2025 End: 1/10/2025
Vessel: Ocean Nova",TWNF,Twin Cabin - Female Share,"$18,795.00",2,0.5,1.5
"Polar Circle Air-Cruise OCN10-PC_2024-25
Start: 1/1/2025 End: 1/10/2025
Vessel: Ocean Nova",TWNM,Twin Cabin - Male Share,"$18,795.00",2,0.0,2.0
"Polar Circle Air-Cruise OCN10-PC_2024-25
Start: 1/1/2025 End: 1/10/2025
Vessel: Ocean Nova",TRP,Triple Cabin,"$15,995.00",3,0.0,3.0
"Polar Circle Air-Cruise OCN10-PC_2024-25
Start: 1/1/2025 End: 1/10/2025
Vessel: Ocean Nova",KAY,Sea Kayaking,$895.00,10,2.0,8.0
"Polar Circle Air-Cruise OCN18-PC_2023-24
Start: 2/16/2024 End: 2/25/2024
Vessel: Ocean Nova",SGL,Single Cabin,"$26,395.00",4,3.0,1.0
"Polar Circle Air-Cruise OCN18-PC_2023-24
Start: 2/16/2024 End: 2/25/2024
Vessel: Ocean Nova",TWN,Twin Cabin,"$18,495.00",24,19.0,5.0
"Polar Circle Air-Cruise OCN18-PC_2023-24
Start: 2/16/2024 End: 2/25/2024
Vessel: Ocean Nova",TWNF,Twin Cabin - Female Share,"$18,495.00",1,1.0,0.0
"Polar Circle Air-Cruise OCN18-PC_2023-24
Start: 2/16/2024 End: 2/25/2024
Vessel: Ocean Nova",TWNM,Twin Cabin - Male Share,"$18,495.00",2,1.5,0.5
"Polar Circle Air-Cruise OCN18-PC_2023-24
Start: 2/16/2024 End: 2/25/2024
Vessel: Ocean Nova",TRP,Triple Cabin,"$15,995.00",3,2.0,1.0
"Polar Circle Air-Cruise OCN18-PC_2023-24
Start: 2/16/2024 End: 2/25/2024
Vessel: Ocean Nova",KAY,Sea Kayaking,$895.00,10,10.0,0.0
"Polar Circle Air-Cruise OCN18-PC_2024-25
Start: 2/16/2025 End: 2/25/2025
Vessel: Ocean Nova",SGL,Single Cabin,"$26,395.00",4,2.0,2.0
"Polar Circle Air-Cruise OCN18-PC_2024-25
Start: 2/16/2025 End: 2/25/2025
Vessel: Ocean Nova",TWN,Twin Cabin,"$18,795.00",23,9.0,14.0
"Polar Circle Air-Cruise OCN18-PC_2024-25
Start: 2/16/2025 End: 2/25/2025
Vessel: Ocean Nova",TWNF,Twin Cabin - Female Share,"$18,795.00",2,0.0,2.0
"Polar Circle Air-Cruise OCN18-PC_2024-25
Start: 2/16/2025 End: 2/25/2025
Vessel: Ocean Nova",TWNM,Twin Cabin - Male Share,"$18,795.00",2,0.5,1.5
"Polar Circle Air-Cruise OCN18-PC_2024-25
Start: 2/16/2025 End: 2/25/2025
Vessel: Ocean Nova",TRP,Triple Cabin,"$15,995.00",3,0.0,3.0
"Polar Circle Air-Cruise OCN18-PC_2024-25
Start: 2/16/2025 End: 2/25/2025
Vessel: Ocean Nova",KAY,Sea Kayaking,$895.00,10,0.0,10.0

